{"type":"FeatureCollection","features":[{"type":"Feature","geometry":{"type":"MultiPolygon","coordinates":[[[[-116.3656690000124,43.659856000172013],[-116.36566999983729,43.659303999762784],[-116.36504600039655,43.659306000133711],[-116.36442600025545,43.659304999948226],[-116.36442700008037,43.658999999800407],[-116.36442700008037,43.658772000118333],[-116.36443100027834,43.657546000209791],[-116.36443299992813,43.656837999967429],[-116.36443299992813,43.656682999747851],[-116.36443299992813,43.656646999937315],[-116.36443299992813,43.656504000061503],[-116.36443299992813,43.656462000046901],[-116.36443299992813,43.656443999753144],[-116.36443399975305,43.656348000044908],[-116.36443499957797,43.656012999772926],[-116.36443499957797,43.655996000235028],[-116.36443399975305,43.655678999827657],[-116.36445300001962,43.655625000175782],[-116.36445399984456,43.655552999914441],[-116.36446700026332,43.654872999688003],[-116.36445100036981,43.654050999963573],[-116.36444100032405,43.653564999872025],[-116.36444200014897,43.653407000102433],[-116.36444200014897,43.653182000194334],[-116.36444299997389,43.652962999890235],[-116.36444299997389,43.652742999792679],[-116.36444299997389,43.652519999943742],[-116.36444399979878,43.652197999817147],[-116.36444499962371,43.652006999977971],[-116.36444499962371,43.651726999806527],[-116.36444499962371,43.651659000022903],[-116.36444600034692,43.651589999848305],[-116.36444600034692,43.651330000202094],[-116.36444700017184,43.65110999997232],[-116.36444700017184,43.65086400021459],[-116.36444799999676,43.650630000159971],[-116.36444799999676,43.650452000313457],[-116.36444899982168,43.650232000117484],[-116.36444899982168,43.650170999704748],[-116.36444899982168,43.650013000105879],[-116.36444999964658,43.6497939999457],[-116.36444999964658,43.649573999939491],[-116.36445100036981,43.649355000128651],[-116.36445100036981,43.649134999814422],[-116.36445100036981,43.648915999702929],[-116.3644520001947,43.648543000025519],[-116.3644520001947,43.648465000127736],[-116.3644520001947,43.648389000213299],[-116.36445499966945,43.648325000073882],[-116.36434500006459,43.648323999705546],[-116.36414099985008,43.648322999987158],[-116.36303500036047,43.648329000247095],[-116.36194499986611,43.648334999856409],[-116.36057999991043,43.648341999833178],[-116.35966000019364,43.648346999723209],[-116.35943699971259,43.648348999809123],[-116.35943599988765,43.64824299971437],[-116.35943599988765,43.648216000126361],[-116.35943599988765,43.647907999730279],[-116.35943699971259,43.647644999906355],[-116.35943699971259,43.647446999808032],[-116.35943699971259,43.647235999884401],[-116.35943800043579,43.647024999869615],[-116.35943800043579,43.646813000020181],[-116.35944000008563,43.646601999819552],[-116.35944099991053,43.646549000204168],[-116.35944199973545,43.646102999834184],[-116.35944000008563,43.646033999777039],[-116.35944099991053,43.645717999849786],[-116.35944099991053,43.64536600013777],[-116.35944199973545,43.645316999805615],[-116.35944199973545,43.644972999837613],[-116.35943699971259,43.644870000263275],[-116.35944299956037,43.644731999837347],[-116.35742999987446,43.644740000012021],[-116.35723599970571,43.644740000012021],[-116.35721899998725,43.644740000012021],[-116.35690299961979,43.644740999790031],[-116.35690400034299,43.644578000005232],[-116.35690400034299,43.644446000206344],[-116.35690599999285,43.643574999679423],[-116.35690699981774,43.643151000233281],[-116.35690799964266,43.642368999854234],[-116.35690900036587,43.642321999964366],[-116.35691400038874,43.642246000078543],[-116.35726500001803,43.64224500025901],[-116.3572340000559,43.641109000170651],[-116.35708500009297,43.641109000170651],[-116.35661100044003,43.641097000158084],[-116.35641399989822,43.641098999835293],[-116.35600499964433,43.641110000009043],[-116.35591099993297,43.641113000174308],[-116.35578700008445,43.641113000174308],[-116.35562399987782,43.641113000174308],[-116.35562600042596,43.641069999958482],[-116.35562600042596,43.640704999729458],[-116.35562499970275,43.640661999871732],[-116.35598399972793,43.640662999717605],[-116.35616799985094,43.640661999871732],[-116.35617500042197,43.640162000098108],[-116.35617700007177,43.639363000124369],[-116.35563599957338,43.639363999991815],[-116.35563499974846,43.639293000258327],[-116.35555699993067,43.639291999739577],[-116.35516799976824,43.639293000258327],[-116.35452800043396,43.639294999995577],[-116.35453299955851,43.63867799988013],[-116.35443899984719,43.638672999835372],[-116.35433199971705,43.638673999714356],[-116.35432400021946,43.638182000047678],[-116.35430499995289,43.637530999783294],[-116.35181699989084,43.637510999870209],[-116.35047899969932,43.637515000113446],[-116.34965000021916,43.637507000276884],[-116.34960500001334,43.637550999689715],[-116.34960500001334,43.637467999677028],[-116.34960900021129,43.635454000273661],[-116.34960800038637,43.635384999688306],[-116.34960900021129,43.635317000258816],[-116.34960900021129,43.634859999706421],[-116.34961000003621,43.633947999793499],[-116.3496109998611,43.633864000046472],[-116.34942799956301,43.633863000087459],[-116.34822800036208,43.633861000169432],[-116.34692399960745,43.633860000210362],[-116.34516799983949,43.633866999923328],[-116.34493000018813,43.633868999841212],[-116.34447200042872,43.633869999800083],[-116.34440700013138,43.633869999800083],[-116.34290900010632,43.633877000162066],[-116.34097500006315,43.63388299991437],[-116.34090800011599,43.63388299991437],[-116.34038500005927,43.633883999873056],[-116.34007299988971,43.633885999790323],[-116.33988000044421,43.633883999873056],[-116.33980699975096,43.633883999873056],[-116.33965199994024,43.633883999873056],[-116.33940000004517,43.63388299991437],[-116.33940000004517,43.633787999864559],[-116.33940199969499,43.633768000006029],[-116.33940699971785,43.632251999678047],[-116.3394080004411,43.631945999990364],[-116.33941500011377,43.631240000316858],[-116.33941299956564,43.630601999792376],[-116.33941299956564,43.630407000140629],[-116.33941299956564,43.630348999805378],[-116.33942400033462,43.630301000247933],[-116.33942400033462,43.630208999796906],[-116.33941699976361,43.628597000225568],[-116.33941699976361,43.628585000315113],[-116.33941799958852,43.628527000172291],[-116.33942000013664,43.628461000233202],[-116.33942099996156,43.627998999930689],[-116.33942199978648,43.627419000082945],[-116.33942000013664,43.627032999941392],[-116.33942699980936,43.62670700008443],[-116.33933700029598,43.626710999746294],[-116.33945600012167,43.626305999953672],[-116.33947000036537,43.62491999982695],[-116.33946399961928,43.624057000092428],[-116.3394579997715,43.623796000156752],[-116.33946399961928,43.623121000068693],[-116.33946500034249,43.623037000145999],[-116.33945899959642,43.622374999991983],[-116.33946600016741,43.621880999878144],[-116.33946500034249,43.620959999797094],[-116.33946500034249,43.620256999750957],[-116.34033900002851,43.620259000121656],[-116.3405709998321,43.620257999936292],[-116.34055199956552,43.619457999803252],[-116.33945600012167,43.619450999712868],[-116.33946799981723,43.619226000088815],[-116.33946199996944,43.618834000062009],[-116.33945699994656,43.618455999845516],[-116.33945299974862,43.618162999771897],[-116.33945699994656,43.617553000223161],[-116.33946100014454,43.616894999831963],[-116.3404720000979,43.616894999831963],[-116.34051800012865,43.616862000314562],[-116.34069100038103,43.61678499985279],[-116.34066600026668,43.616767000026222],[-116.34065100019802,43.616563999694378],[-116.34065000037313,43.616357999877671],[-116.34065000037313,43.616217000199256],[-116.34068200016019,43.616109000138955],[-116.3407409997114,43.616028999896997],[-116.34079299958995,43.615926000135978],[-116.3408179997043,43.615846999909316],[-116.34082100007736,43.615820999680288],[-116.34082199990227,43.615805999693116],[-116.33975999989528,43.615798999827881],[-116.33945500029678,43.615803000215536],[-116.33945600012167,43.61577500009799],[-116.33945600012167,43.615698000195394],[-116.33945699994656,43.615327999963824],[-116.33945699994656,43.615135999702296],[-116.3394579997715,43.614958000057158],[-116.3394579997715,43.614762999735191],[-116.3394579997715,43.61460199983663],[-116.33945899959642,43.614423000279587],[-116.33945899959642,43.614244999824763],[-116.33946000031962,43.614067000143805],[-116.33946000031962,43.613888000295091],[-116.33946100014454,43.613684999999919],[-116.33946399961928,43.613312999788775],[-116.33946299979436,43.61326299968286],[-116.33946500034249,43.612738000288616],[-116.33946399961928,43.612669000291376],[-116.33946600016741,43.612180000078212],[-116.33946600016741,43.611778000284879],[-116.33947100019029,43.611631000252551],[-116.33946699999234,43.61149300024033],[-116.33946799981723,43.610730000292399],[-116.33946899964215,43.610181999941581],[-116.33947000036537,43.609633000089495],[-116.33947100019029,43.609085999871269],[-116.33948000041113,43.608547000321941],[-116.33948600025892,43.608436000301332],[-116.34054599971773,43.608451000175428],[-116.34054999991571,43.608061000281204],[-116.34055800031162,43.607239000108009],[-116.34056499998431,43.605488999826022],[-116.34056699963415,43.605026999921456],[-116.34056800035737,43.604869000001536],[-116.33952399989373,43.604863999746186],[-116.3395289999166,43.60479799984887],[-116.33951800004594,43.603595999754923],[-116.3395349997644,43.603387000305119],[-116.33962299962795,43.603384000208145],[-116.33972300008537,43.603387000305119],[-116.33984699993391,43.603398000225795],[-116.34106899977448,43.603578999696047],[-116.34122100011044,43.603601999927584],[-116.34132700041566,43.60360999972324],[-116.34146600033282,43.603608000099655],[-116.34158599998344,43.603583000246047],[-116.34168200024288,43.603542999938249],[-116.34177000010645,43.603483999891061],[-116.34190400000075,43.603338000220106],[-116.34200199991002,43.603182000055433],[-116.34201799980355,43.603116000264244],[-116.34201199995579,43.603022000200184],[-116.3419929996892,43.602947999700383],[-116.3419440001837,43.60286699969064],[-116.34187700023656,43.602772999887982],[-116.34170700035723,43.602568000148054],[-116.34160799972476,43.602464000269947],[-116.34152300023425,43.602364000192544],[-116.34124500039991,43.602077999938459],[-116.34090499974293,43.601682999837962],[-116.3406899996578,43.601467999862585],[-116.34044399961049,43.601173999784201],[-116.34036900016574,43.601062999819128],[-116.34026299986054,43.600958999941476],[-116.3401769996468,43.600860999679554],[-116.34010899987473,43.600775000167879],[-116.3399420003685,43.600594999929704],[-116.33986899967523,43.600504000070565],[-116.33970100034406,43.60032900030486],[-116.33962299962795,43.60021399995864],[-116.33955700040403,43.600150999771955],[-116.33947899968788,43.600060999762576],[-116.33933399992293,43.599867999678821],[-116.33925899957987,43.599717000307457],[-116.33924100003652,43.599643000296197],[-116.33924500023447,43.599504000222453],[-116.33925500028022,43.599427000305468],[-116.33927600019661,43.599350000289945],[-116.33932600042532,43.599239000212457],[-116.33942799963428,43.598931999787311],[-116.33948200006094,43.598743000206596],[-116.33951600039613,43.598573999896374],[-116.33971499968946,43.598031000217524],[-116.33983400041343,43.597732000061072],[-116.3399020001855,43.597527000059159],[-116.33992099955378,43.597502000280898],[-116.33992800012476,43.597483999887622],[-116.33994499984321,43.597459000091497],[-116.33995700043708,43.597422000009857],[-116.34003299970676,43.597182999778219],[-116.34004399957743,43.597148000015743],[-116.34005500034638,43.597113000232909],[-116.34005699999622,43.597086999711905],[-116.3400500003235,43.597055000306369],[-116.34012999979115,43.596826999739115],[-116.34028799997489,43.596328000219856],[-116.34031399991416,43.596200000230432],[-116.3404939998392,43.595648999744022],[-116.34066600026668,43.595192000150945],[-116.34075599978003,43.594929999885267],[-116.34078799956708,43.594808999881607],[-116.34102199991879,43.59412799989336],[-116.34111499980524,43.593825999937906],[-116.34113200042198,43.593754999765004],[-116.34115599981308,43.593645999730512],[-116.34118699977525,43.593479000028928],[-116.34118599995033,43.593304000000188],[-116.34117500007967,43.593137000000127],[-116.34112700039911,43.592936999904538],[-116.34106999959937,43.592659999676279],[-116.34101500024613,43.59251599975623],[-116.34095300032183,43.592420000051817],[-116.34083100012312,43.592311000201867],[-116.34066000041886,43.592228000183695],[-116.34035499992206,43.592165000093495],[-116.34007799991259,43.592118999985992],[-116.33973599960582,43.592070999836309],[-116.33938900017451,43.592015000263913],[-116.33938300032675,43.591686999863157],[-116.33938199960352,43.59063599980275],[-116.33938099977861,43.590465000086205],[-116.33938099977861,43.59035499991667],[-116.33937900012877,43.589242000172121],[-116.33937699958062,43.588163999819145],[-116.33867600014699,43.588153999784652],[-116.33864099998688,43.587965000186493],[-116.33855200029842,43.587494999769717],[-116.33837800022117,43.587252000119634],[-116.33689199989165,43.586198999843418],[-116.33435799979885,43.584891999945562],[-116.33436399964664,43.583833999980129],[-116.33436399964664,43.583730000257823],[-116.33436700001967,43.583240999712075],[-116.33436799984459,43.583038000108594],[-116.33436799984459,43.58300800004826],[-116.33516600026091,43.583014000321818],[-116.33571799973167,43.582525999978799],[-116.33577399980817,43.582476999824479],[-116.33611299974187,43.582360000171207],[-116.33870499956099,43.582540000294408],[-116.33914999979991,43.582572000260008],[-116.33916499986852,43.582349999823244],[-116.33919900020373,43.582014000049689],[-116.33918199958697,43.581934000013163],[-116.33916599969345,43.581853999870319],[-116.33915999984565,43.58135899991693],[-116.33901699973053,43.581350000235084],[-116.33901699973053,43.581056000126239],[-116.33901699973053,43.580726999681254],[-116.33891399979838,43.580383999878357],[-116.33948200006094,43.580055000316456],[-116.33956200042687,43.58001600018985],[-116.33868199999478,43.579330000290383],[-116.33857599968958,43.579336999844074],[-116.33910399976915,43.579011999998372],[-116.3391480001501,43.578971000055397],[-116.33894300011069,43.578805000207375],[-116.3393310004482,43.577518999819212],[-116.33779099969203,43.57634600003734],[-116.33708299968737,43.575807000042374],[-116.33708400041058,43.575750000032478],[-116.33710399960377,43.575750000032478],[-116.33862900029132,43.575750000032478],[-116.33855300012334,43.575623999784938],[-116.33834800008394,43.575286999939834],[-116.33814100039471,43.574918999687043],[-116.3379809996628,43.574596000011866],[-116.3378030002859,43.574328999713913],[-116.33762500001065,43.574036999770676],[-116.33754600036794,43.573891999899104],[-116.33686000010462,43.57390300000484],[-116.33684400021106,43.575750000032478],[-116.33637499968269,43.575750000032478],[-116.3344030000047,43.575748999757849],[-116.33304100042204,43.575750000032478],[-116.33252400021311,43.575750000032478],[-116.33041199989472,43.575751000307143],[-116.33019099996176,43.575751000307143],[-116.33019000013684,43.575642999833988],[-116.33018699976381,43.574889000136757],[-116.33017300041841,43.574880000138592],[-116.32980199979934,43.574645999714257],[-116.32920699977258,43.574269000010545],[-116.32921299962038,43.574392000249219],[-116.32924699995556,43.575751000307143],[-116.32769100020415,43.575751000307143],[-116.3261930001791,43.575751000307143],[-116.32592200001743,43.575751000307143],[-116.32589000023037,43.575751000307143],[-116.32428699972502,43.575751999930986],[-116.32325099965728,43.575751999930986],[-116.32234099998627,43.575751999930986],[-116.31984399970338,43.575753000205623],[-116.31816400010344,43.575710000096116],[-116.31666699990328,43.575741000162999],[-116.31603699971642,43.575753000205623],[-116.31573299994281,43.575753000205623],[-116.31414899970402,43.575753999829438],[-116.31415899974975,43.575302999899797],[-116.31416499959754,43.574995000086226],[-116.31290400029721,43.574991999875358],[-116.31290400029721,43.575746000235299],[-116.31167900008363,43.575739000264171],[-116.31093300044415,43.57573499981541],[-116.30939100003812,43.575725999943685],[-116.30912400007443,43.575724000044318],[-116.30911300020378,43.573869000026519],[-116.30757699964556,43.573865000104362],[-116.30745799981987,43.573863999798412],[-116.30707600022845,43.573863000143227],[-116.3055720003556,43.573859000220672],[-116.30491299985641,43.573857000259288],[-116.30411000031552,43.573855000297847],[-116.30411199996533,43.573572000203761],[-116.3041160001633,43.573100999690453],[-116.30405500006394,43.573086999783243],[-116.30383599978082,43.573090000089067],[-116.30360300015232,43.573086999783243],[-116.30356100031953,43.573084000128105],[-116.30306000000409,43.573080000153858],[-116.3028909999497,43.573084000128105],[-116.30261700031333,43.573082999809188],[-116.30216000037882,43.573088999770192],[-116.30193199987488,43.573082000141035],[-116.30144800017622,43.573066000241759],[-116.30147800031345,43.573426999863401],[-116.30148199961309,43.573574000174609],[-116.30147300029056,43.573819999985737],[-116.30147699959022,43.57397099990385],[-116.30147400011546,43.574030999904132],[-116.30147999996325,43.574146999821899],[-116.30147699959022,43.574200999797199],[-116.30147800031345,43.574376999693875],[-116.30137700003108,43.574376000047209],[-116.301377999856,43.57477099976483],[-116.3014549998489,43.574761999749029],[-116.30158399972031,43.574777999848486],[-116.30164099962174,43.574792000013403],[-116.30238999963429,43.574806999814562],[-116.30244900008383,43.574806999814562],[-116.30243900003808,43.575684000090682],[-116.30184499983622,43.575680999914098],[-116.30138200005398,43.575680999914098],[-116.30090199965491,43.575680999914098],[-116.29968400001235,43.575680999914098],[-116.29849499978377,43.575680999914098],[-116.29426099999951,43.575680999914098],[-116.29157700011892,43.575679000013231],[-116.29156899972297,43.574739999849363],[-116.29151500019462,43.574612999798184],[-116.2913290004218,43.574690000225019],[-116.29102800012291,43.574763000040107],[-116.29036600014902,43.574761000108758],[-116.29036600014902,43.575679000013231],[-116.28995000022238,43.575640000306223],[-116.28801199998124,43.575642000208333],[-116.28734900018243,43.575642999833988],[-116.28718400032599,43.575642999833988],[-116.28656199963675,43.575642999833988],[-116.28656599983471,43.575120999697489],[-116.28656400018487,43.573060000278467],[-116.28656699965963,43.571835000129582],[-116.2865790002535,43.571345999949465],[-116.28666100026928,43.5713630000024],[-116.28671800017067,43.571377000310335],[-116.28689200024795,43.571418000217264],[-116.28709700028739,43.571465000219092],[-116.28729599958069,43.571510999839163],[-116.28736400025106,43.571531000228958],[-116.28760199990245,43.571601000239291],[-116.28783999955381,43.571671000168273],[-116.28807999975332,43.571741000015891],[-116.28831999995285,43.571808000063456],[-116.28855900032744,43.571875000036499],[-116.28862799992442,43.571895000305418],[-116.28879399960577,43.57195099972143],[-116.28902200010971,43.572028000297777],[-116.28906899996537,43.572053999929153],[-116.28917199989753,43.572093000006099],[-116.28917100007261,43.572059000307597],[-116.28917100007261,43.572033999713035],[-116.28917100007261,43.57200899975895],[-116.28917199989753,43.571862999871946],[-116.28917299972242,43.571478000157732],[-116.28915099998112,43.570716999825123],[-116.28914500013335,43.570283000280135],[-116.28914400030845,43.569744000039663],[-116.29064999983112,43.569744999763223],[-116.2906470003564,43.568846000114412],[-116.29423099986229,43.568846999852866],[-116.29422900021245,43.568402999789683],[-116.28914199976029,43.568396000266745],[-116.28547899971338,43.568392999727131],[-116.28447899963066,43.568386000203034],[-116.28420400016938,43.568387999695211],[-116.28415499976556,43.568384999806035],[-116.28027699963349,43.56838199991671],[-116.27990400026289,43.56838199991671],[-116.27914299965649,43.568381000170533],[-116.27914199983157,43.568578999707867],[-116.27914100000665,43.568848000242191],[-116.27914000018175,43.568985000050155],[-116.27914000018175,43.569039999833201],[-116.27914000018175,43.569176999855323],[-116.27913900035684,43.569314000216728],[-116.27913900035684,43.569451000266497],[-116.27913799963359,43.569588999730755],[-116.27913799963359,43.569725999805897],[-116.2791369998087,43.56986300022028],[-116.2791369998087,43.570000000323006],[-116.27913599998378,43.570137000114102],[-116.27913599998378,43.570274000244481],[-116.27913500015886,43.570411000063203],[-116.27913500015886,43.570548999931361],[-116.27913400033395,43.570685999775399],[-116.27913400033395,43.570849000110258],[-116.27913299961072,43.570992999795564],[-116.27913199978583,43.571231000192938],[-116.27913199978583,43.571506999760381],[-116.27913000013601,43.572026999961267],[-116.27787700033332,43.572028000297777],[-116.27789599970156,43.575642999833988],[-116.27540799963953,43.575609000187292],[-116.27506000038329,43.57562100025622],[-116.27450999966408,43.575642000208333],[-116.27424799972326,43.575656000172387],[-116.27405799975243,43.575666999955907],[-116.27407199999617,43.574468000011855],[-116.27374099956006,43.574466999715924],[-116.27335599959559,43.574411999682255],[-116.27242900020613,43.574140000315715],[-116.27246600001605,43.574075999865073],[-116.2724900003055,43.573366999912146],[-116.27248899958227,43.573347999795814],[-116.27223900023533,43.573347000132067],[-116.27182400013361,43.573345999817462],[-116.27181999993566,43.574025000036926],[-116.27179300017148,43.574094000100416],[-116.27175999966119,43.574161999783755],[-116.27175700018647,43.574860999848852],[-116.27174299994276,43.574860999848852],[-116.27101900004457,43.574838999985346],[-116.27101599967153,43.575480999737273],[-116.27101300019679,43.57560299982655],[-116.27097499966365,43.575602000200234],[-116.27033100013139,43.575588999850169],[-116.27032899958327,43.575466000104015],[-116.27033299978125,43.574842000203837],[-116.26964599969298,43.574828000050587],[-116.26965099971585,43.573880999791356],[-116.26879899977115,43.573878000175782],[-116.26879999959606,43.57322899999275],[-116.26870800043288,43.573230000309238],[-116.26863700028775,43.57322899999275],[-116.26855699992183,43.57322899999275],[-116.26735000014989,43.57322899999275],[-116.26737100006626,43.573787000267849],[-116.26663899977216,43.573772000212628],[-116.26666100041179,43.574690999866469],[-116.26657199982502,43.574688999932775],[-116.26658500024381,43.575389000018596],[-116.26658199987078,43.575532000284738],[-116.26622100019573,43.575527999822278],[-116.26620500030221,43.574681999838724],[-116.26576699973599,43.574672999809628],[-116.26569700031409,43.574672000167872],[-116.26566999965161,43.573751999916226],[-116.26366899966128,43.573711999954313],[-116.26366299981352,43.57244400021272],[-116.26359699969125,43.572462000284979],[-116.26318499996262,43.572543000218218],[-116.2620789995747,43.572600999685655],[-116.26104800042816,43.572654999745552],[-116.26068699985483,43.572676000081181],[-116.26068299965688,43.572446000221028],[-116.26064599984696,43.572446000221028],[-116.26033200002759,43.572450000237438],[-116.26031100011119,43.572553999919514],[-116.26011399956938,43.572698000084038],[-116.25855399962003,43.573003000271704],[-116.25852600003093,43.573001999951401],[-116.25849099987084,43.573007000251131],[-116.25840899985508,43.573001999951401],[-116.25814799973917,43.572970000106132],[-116.25793000017929,43.572883000115425],[-116.25774600005627,43.572815000289573],[-116.25752799959807,43.572740999740972],[-116.25741999964301,43.572734000071335],[-116.25730300036547,43.572710000082203],[-116.25703200020382,43.57280900030122],[-116.25638799977325,43.572573000286347],[-116.25634000009269,43.572553999919514],[-116.25621899971887,43.572499000091241],[-116.25646200029141,43.572292000038765],[-116.25787499992769,43.571088999828369],[-116.25805400002781,43.570937000139637],[-116.25874600013897,43.570210000241381],[-116.25901800012552,43.569847000116688],[-116.25912500025566,43.569671999723212],[-116.25930000015785,43.569706999842623],[-116.2594469995726,43.569734000199709],[-116.25983599973505,43.569802999972609],[-116.26020200033126,43.569868000129716],[-116.26056999967898,43.569936000028747],[-116.26093799992501,43.570005000221109],[-116.26130600017103,43.570070000160214],[-116.26167199986889,43.570137999831132],[-116.26222900026086,43.570240999885236],[-116.26222900026086,43.570203000277566],[-116.26223099991066,43.570187999980497],[-116.26223099991066,43.570172999679734],[-116.2622329995605,43.570160999826932],[-116.2622329995605,43.570146000170269],[-116.26223500010862,43.570130999858996],[-116.26223500010862,43.570118999997824],[-116.26223699975844,43.570107999851793],[-116.26223699975844,43.570095999986037],[-116.26223900030656,43.570077000139428],[-116.26223900030656,43.570038999777424],[-116.26235499975921,43.570038000058744],[-116.26246600008733,43.570038999777424],[-116.26360799956191,43.570031999793791],[-116.26360900028514,43.56988999985662],[-116.26360699973699,43.569734000199709],[-116.2636050000872,43.56955099971173],[-116.26358900019365,43.568198999877112],[-116.26245699986646,43.568164000183195],[-116.26215200026793,43.568161000282863],[-116.2620789995747,43.568161000282863],[-116.26153499960157,43.568157999731547],[-116.26117499975146,43.568151000180144],[-116.26102099976566,43.568148000279159],[-116.26079800018292,43.568143999977032],[-116.26041900006622,43.568136000022911],[-116.25988000011597,43.56812899981805],[-116.25972799978,43.568123999764261],[-116.25957600034235,43.568123999764261],[-116.258381000266,43.568101000292387],[-116.25838000044108,43.56803100011949],[-116.25837100022024,43.567828000004127],[-116.25836000034958,43.567619999759849],[-116.25836000034958,43.567599000264828],[-116.25831199977068,43.567278999676709],[-116.25826999993788,43.567004999799195],[-116.25823999980068,43.566803999676182],[-116.2582349997778,43.566779999927576],[-116.25823099957984,43.566756000169363],[-116.25822599955696,43.566728999779073],[-116.25817600022657,43.566454000225136],[-116.25813199984565,43.566200000056824],[-116.2581279996477,43.566179000066711],[-116.2580780003173,43.565904999741903],[-116.25804900000495,43.565737999885194],[-116.25799799995134,43.565629999680716],[-116.25786900007991,43.565353999869515],[-116.25774000020849,43.565078000095603],[-116.25748300029052,43.564526000008698],[-116.25744499975738,43.564444999708357],[-116.25742300001606,43.564443999896831],[-116.25727700042619,43.564442000273687],[-116.25686999982213,43.564439000188045],[-116.25682700016441,43.564433999827898],[-116.25668400004928,43.564432000204476],[-116.25652699969044,43.564206000019539],[-116.25614299955089,43.563652999928756],[-116.25606300008326,43.563581999968441],[-116.25531900009359,43.562924000315533],[-116.25439699982869,43.562109000261088],[-116.25406999959053,43.561819999873322],[-116.25363399957244,43.561605999911393],[-116.2535959999376,43.561587999849493],[-116.25349899985322,43.561540000092208],[-116.2525690000907,43.561145000175934],[-116.25208700004188,43.56073600009956],[-116.25224199985257,43.560735000226487],[-116.25267399967271,43.56073600009956],[-116.25313999982804,43.560736999972619],[-116.25279000002367,43.560580000169793],[-116.25251300001423,43.560379999969356],[-116.25223600000479,43.560056999786589],[-116.25211100033133,43.559765000303628],[-116.25204799968382,43.559619000031489],[-116.25196400001825,43.559307999739232],[-116.25195099959946,43.559258000323226],[-116.25195300014758,43.558995999892716],[-116.25195899999535,43.558372999821998],[-116.25201199969879,43.558305999802776],[-116.25365799986189,43.558495999974319],[-116.25366600025779,43.558217000283811],[-116.25203500016335,43.557930999864531],[-116.25186799975876,43.557901000315482],[-116.25169399968149,43.557871000100498],[-116.25109100015713,43.55776499995909],[-116.2508009997289,43.557713999990405],[-116.24849400031515,43.55731200021976],[-116.24849400031515,43.557295000107196],[-116.24849500014004,43.557255000282943],[-116.24849599996496,43.557200000155731],[-116.24848900029228,43.557093000202421],[-116.25046799964298,43.557096000002922],[-116.25311800008672,43.557101000321055],[-116.25349499965527,43.557102000254496],[-116.25356099977749,43.55709899980328],[-116.25547899992716,43.55714100024754],[-116.25602100025046,43.55714499997832],[-116.25603600031907,43.556693000075107],[-116.25851099996233,43.556735000151399],[-116.25851000013741,43.557186999739557],[-116.26352200024651,43.557272999686333],[-116.26352200024651,43.557248000115656],[-116.26352399989632,43.556998999867588],[-116.26352499972124,43.55675299971012],[-116.26352700026938,43.556505999907131],[-116.26352700026938,43.556258999742688],[-116.2635280000943,43.556011999867785],[-116.26352999974411,43.55577499983729],[-116.26352999974411,43.555526999972002],[-116.26353200029227,43.555271000027545],[-116.26353300011716,43.555024000009027],[-116.26353399994206,43.554778000252107],[-116.26353499976697,43.554570999845275],[-116.26353599959189,43.554283999718365],[-116.26353800014003,43.554022999779512],[-116.26353899996495,43.553720999806487],[-116.26354499981272,43.553647999879082],[-116.26405100015101,43.553655999804093],[-116.26813500014745,43.553713999879719],[-116.26885300019782,43.553725999753695],[-116.26885999987053,43.550045999980753],[-116.27017999962035,43.550080999783482],[-116.27055399971418,43.550091000281448],[-116.2707189995706,43.550094999829128],[-116.27122699955875,43.550106999772616],[-116.27124300035057,43.549736999873119],[-116.27125099984818,43.549548000138969],[-116.27126099989391,43.549435999968622],[-116.27128299963523,43.549322000116319],[-116.2713150003206,43.549210000177155],[-116.27135700015339,43.549099000095993],[-116.27141099968176,43.548991000014389],[-116.27150899959103,43.548835000278331],[-116.27156700021567,43.54875900007697],[-116.27163099978978,43.548687000072007],[-116.2716890004144,43.548617000129411],[-116.27177300008,43.548491999843648],[-116.27180800024011,43.548422999751985],[-116.27189199990569,43.548151000225296],[-116.27202499997507,43.547654999881871],[-116.27194499960915,43.547645999721119],[-116.27186199976846,43.547640999920631],[-116.27178099957762,43.547639999830245],[-116.27170000028505,43.547644000191639],[-116.27156999969041,43.547651000172323],[-116.27143999999406,43.547654999881871],[-116.27131000029773,43.547655999971994],[-116.2711810004263,43.547653999791727],[-116.27084900016527,43.547644000191639],[-116.27079899993656,43.547640999920631],[-116.27075000043108,43.54763600011966],[-116.27070199985219,43.547629000137242],[-116.27065499999652,43.547618999881891],[-116.27039899990348,43.547560999800424],[-116.27036100026864,43.547552999717475],[-116.27038700020793,43.547487000131902],[-116.27040399992634,43.547177999927285],[-116.26885900004561,43.547135000253654],[-116.26885900004561,43.546375999951209],[-116.27416300023276,43.546535999975234],[-116.27416200040784,43.544113999935007],[-116.27416200040784,43.543793000124758],[-116.27416200040784,43.543466000252415],[-116.27416200040784,43.543244000218259],[-116.27416200040784,43.543081000074608],[-116.27416200040784,43.542980000151928],[-116.27372999968941,43.542961999735297],[-116.27368500038185,43.542891000137843],[-116.27328299980064,43.542195000142179],[-116.27315099955618,43.541918000237246],[-116.27416200040784,43.541919999956718],[-116.27416200040784,43.542764000007281],[-116.27416200040784,43.542915000286285],[-116.27633999995015,43.542914000117491],[-116.27894199981503,43.542925000019686],[-116.2790599998158,43.542826999695308],[-116.27918200001454,43.542725999998211],[-116.27919600025822,43.540900999846464],[-116.27918700003741,43.540510999827021],[-116.27918600021249,43.540457999814997],[-116.27918899968722,43.539041999702953],[-116.27832300039714,43.539021000015275],[-116.27666200016544,43.538701000025064],[-116.27532499979887,43.537807000120438],[-116.27438099979264,43.537805999866912],[-116.27416200040784,43.537810000229676],[-116.27416200040784,43.538707000154474],[-116.27416200040784,43.540503000110824],[-116.27296499978333,43.540526999907534],[-116.27311299992131,43.540002999785393],[-116.27324599999072,43.539594999698338],[-116.27339800032668,43.539258000158746],[-116.27327600012795,43.539255000121557],[-116.27309899967763,43.539253000313742],[-116.2732789996027,43.53886400028928],[-116.27375599962865,43.538087999721135],[-116.2738000000096,43.538011000046524],[-116.27384699986526,43.537910999696578],[-116.27389100024618,43.537784000146146],[-116.27393200025408,43.53757500011907],[-116.27393499972879,43.537417000275205],[-116.27391600036056,43.537260000279922],[-116.27388200002534,43.537131000131374],[-116.27383299962155,43.537004000240515],[-116.27379699963655,43.536928999717865],[-116.27373999973514,43.536832999954704],[-116.27365600006954,43.536716000199476],[-116.2735690000309,43.536606999800277],[-116.27353100039608,43.536559999955664],[-116.27350299990869,43.536528999913443],[-116.27343099993865,43.536454999727134],[-116.27337099966419,43.536400000154693],[-116.27331200011295,43.536349999966994],[-116.2732789996027,43.536323999905115],[-116.27322000005145,43.536281000304164],[-116.27315599957902,43.536239000300853],[-116.27310799989847,43.536208000093552],[-116.27303900030149,43.536167999949598],[-116.27225599995374,43.535729999795826],[-116.27217899996087,43.535686000133808],[-116.27213799995297,43.535661000074747],[-116.27202099977713,43.535585000196249],[-116.27190899962415,43.535502999774323],[-116.27180200039233,43.535418000315225],[-116.27170299975981,43.535329000209273],[-116.27160999987339,43.535236000089853],[-116.27155100032215,43.535171999987398],[-116.27149600007058,43.535107000169972],[-116.27132799984108,43.534868999689458],[-116.27123300030483,43.534690000025321],[-116.27117399985531,43.534544000222418],[-116.27113799987028,43.534432000178569],[-116.27110299971017,43.534281000144944],[-116.27104699963365,43.533983999876952],[-116.27096100031828,43.533312000022462],[-116.27080300013453,43.532749000249581],[-116.27065599982141,43.532351000107944],[-116.27057299998076,43.531970999740508],[-116.27041499979698,43.531970000041468],[-116.26882899990839,43.531931999742163],[-116.26881700021283,43.535011000111069],[-116.26881200018994,43.535556000234479],[-116.26871699975538,43.535554999943621],[-116.26375999989787,43.535478999931534],[-116.26378699966205,43.534871999944919],[-116.26381900034743,43.531865000287247],[-116.25879600036768,43.53177099968228],[-116.25378199971045,43.531675000174232],[-116.25378199971045,43.535320999805492],[-116.25378699973332,43.535977999717538],[-116.25378199971045,43.538917999984015],[-116.25352700034064,43.538916999748928],[-116.24974799994277,43.538897000253208],[-116.24856000043739,43.538891999727007],[-116.24754100008811,43.538886999851648],[-116.24358799961294,43.53886600011004],[-116.24362100012324,43.535129999862903],[-116.24365299991027,43.531602000249336],[-116.23340600010934,43.531469999946623],[-116.23340000026154,43.535182999999691],[-116.2234279999219,43.535087999709162],[-116.21334099995453,43.535039000035525],[-116.21331900021322,43.533975000280186],[-116.21326300013673,43.531367999751652],[-116.21315299963355,43.531367000042621],[-116.20843099995267,43.531398000133372],[-116.20620599965638,43.531402000269999],[-116.20588500016433,43.531391999927962],[-116.20346999989721,43.531402999978468],[-116.20329699964485,43.531402999978468],[-116.20329199962198,43.531378000097632],[-116.20329800036809,43.531331999794915],[-116.20329900019301,43.531265000324687],[-116.20332500013228,43.527514000208868],[-116.20332400030735,43.527498999705223],[-116.20333600000291,43.52746699979064],[-116.20334000020088,43.52733500020792],[-116.20332799960701,43.527316999679925],[-116.20334000020088,43.526832999896698],[-116.20336600014015,43.524139999840031],[-116.19994300029272,43.524146000115522],[-116.19988899986605,43.524151999739047],[-116.19936400015949,43.524147999772964],[-116.19928299996864,43.52414699994425],[-116.19915400009724,43.524147999772964],[-116.19875700043718,43.52414699994425],[-116.19709100018261,43.524153000219044],[-116.19623800041299,43.524151999739047],[-116.19339299997557,43.5241570001848],[-116.1933949996254,43.524349000182823],[-116.19337600025716,43.52679699983841],[-116.19336000036363,43.527747000258536],[-116.18335200003898,43.527748000027579],[-116.18338100035128,43.525241000016258],[-116.18338999967379,43.524123999970946],[-116.18220999966603,43.524123999970946],[-116.18049200043124,43.524122000312673],[-116.17987499976488,43.524119000173826],[-116.17839900037943,43.524122000312673],[-116.17836199967117,43.527756000133401],[-116.1762729998173,43.5277580003225],[-116.17349299967724,43.527761000280407],[-116.168521999576,43.527790000082661],[-116.1684920003371,43.531411000250749],[-116.16718599993264,43.531427000140837],[-116.16568899973248,43.531427000140837],[-116.16511499962212,43.53142599978149],[-116.16472600035799,43.531429000208249],[-116.16470600026651,43.531373000250476],[-116.16468699999993,43.531324000163394],[-116.16466899955827,43.531273999674639],[-116.16465199983985,43.531223999795714],[-116.16463500012141,43.531173999875286],[-116.16462000005279,43.531123000200374],[-116.16460499998419,43.531073000196223],[-116.16458999991555,43.531021999784606],[-116.16457599967187,43.530971999696725],[-116.16456300015139,43.530920999851006],[-116.16443500010489,43.530247000277598],[-116.16408399957726,43.527793999807251],[-116.16427400044637,43.527793999807251],[-116.16395100040619,43.52552300000746],[-116.16393200013961,43.525388000002906],[-116.16391600024609,43.525251999885874],[-116.16390299982731,43.525116000113535],[-116.16389100013174,43.524980999849497],[-116.16388199991093,43.524845000117551],[-116.16387600006314,43.524709000079],[-116.16387100004026,43.524571999912183],[-116.16387000021534,43.524435999909478],[-116.16387000021534,43.524300000251586],[-116.16387400041329,43.524164000287044],[-116.16355600039599,43.524165999943932],[-116.16357800013729,43.521205000235888],[-116.16357800013729,43.52072100026772],[-116.16359999987858,43.518350999679399],[-116.16360200042675,43.517985999971508],[-116.16361099974925,43.516840999901937],[-116.16361199957417,43.516734999917517],[-116.16412899978313,43.516743000180959],[-116.16825600033553,43.516802999842923],[-116.1685490002385,43.516807000295948],[-116.16986099959244,43.516823000151248],[-116.17088199959154,43.516838000052466],[-116.17151699980127,43.516850000100987],[-116.17297200016864,43.51686999974234],[-116.17359999980734,43.516879999886235],[-116.17362400009679,43.515142999999597],[-116.17363099976947,43.51459799978506],[-116.17365000003606,43.513246000289982],[-116.17285699964258,43.513241000242871],[-116.16886300005787,43.513218000020771],[-116.16805799996884,43.51321399998124],[-116.16368799974215,43.513187999717935],[-116.16370500035892,43.512405000220262],[-116.16376499973505,43.509639000029701],[-116.15503600005067,43.50966599993621],[-116.15388600018012,43.509670000210889],[-116.15389100020302,43.509398999895822],[-116.15277800014238,43.509396999749519],[-116.15228699987274,43.509396999749519],[-116.15123599973637,43.509395000254713],[-116.14922700024846,43.509393000108275],[-116.14902399985887,43.509388999815229],[-116.14837299975561,43.509384000100098],[-116.14766399992604,43.50938300002673],[-116.14683299989775,43.509381999953291],[-116.14591800020385,43.509378000311052],[-116.14554400011004,43.509377000237578],[-116.14552300019363,43.509598999856529],[-116.14549499970622,43.50979700032444],[-116.14547799998779,43.510058000185772],[-116.14550899994995,43.510346999881172],[-116.14552900004144,43.510593999876669],[-116.14565000041523,43.511150000253515],[-116.14575800037029,43.511452999829444],[-116.14639400040491,43.513017000312793],[-116.1471529995649,43.51501800002081],[-116.14740799983299,43.515812999745954],[-116.14779899964527,43.516675000187945],[-116.14809400009635,43.516675000187945],[-116.14835400038737,43.516674000235376],[-116.14917299982177,43.516670999726117],[-116.1491939997382,43.516670999726117],[-116.14927800030208,43.516669999773498],[-116.14922600042357,43.517409999930003],[-116.1492599998604,43.518500000014186],[-116.14926300023346,43.518774000255206],[-116.14926499988329,43.518925000027401],[-116.14926499988329,43.518974999678882],[-116.14926499988329,43.518998000312401],[-116.14926599970821,43.519055999860164],[-116.14919499956309,43.519055999860164],[-116.14903100042987,43.519055999860164],[-116.14887800026899,43.519055999860164],[-116.14867599970434,43.519055999860164],[-116.14759399960585,43.516678999998057],[-116.14737699987086,43.516679999950526],[-116.14482900043269,43.516697999743869],[-116.14472800015034,43.516475000224219],[-116.14282900026728,43.51228499990868],[-116.14209399960012,43.511654000185985],[-116.14062200041262,43.510865000038159],[-116.13929500009179,43.510140000019028],[-116.13929900028974,43.510709000036094],[-116.13929900028974,43.511256000276013],[-116.13929900028974,43.511452999829444],[-116.13930000011466,43.512211999971584],[-116.13930000011466,43.512642000069505],[-116.13930099993955,43.51397200012898],[-116.13930199976447,43.515409000062007],[-116.13930199976447,43.515617000062953],[-116.13929599991668,43.51573199977134],[-116.13929400026687,43.516343999999393],[-116.13929699974157,43.516462000145005],[-116.13929400026687,43.516662000151811],[-116.13924900006103,43.516662000151811],[-116.13912299966432,43.516661000199036],[-116.13893400041674,43.516659000293394],[-116.13851599994202,43.516655999783431],[-116.13431899996772,43.51662300002662],[-116.13431700031788,43.514289999752187],[-116.13431399994482,43.51341399967805],[-116.13430499972401,43.508191999896717],[-116.13430700027213,43.505757999751701],[-116.13400000012545,43.505758999885124],[-116.12804599965999,43.505772999796946],[-116.12439799968168,43.50578199969204],[-116.12439199983389,43.502167000114568],[-116.11808199971627,43.502165999921623],[-116.1169140003024,43.502174999702859],[-116.11447899994377,43.50217700008843],[-116.11448099959361,43.503375999740918],[-116.11449300018748,43.513029999831204],[-116.11945199969482,43.513022999740052],[-116.11945699971768,43.516640999836966],[-116.11946500011361,43.523977000160897],[-116.11946799958834,43.527497000158817],[-116.12722899987538,43.527488000245356],[-116.12755100009068,43.527486999820674],[-116.1343259996404,43.527478999679175],[-116.13432800018853,43.529406999830798],[-116.13433099966326,43.530716000316872],[-116.13433200038648,43.531100000281754],[-116.13853299966044,43.531096000125139],[-116.13929099989382,43.531096000125139],[-116.13929300044195,43.531338999715828],[-116.13930199976447,43.531889000265778],[-116.13930400031261,43.534082999911725],[-116.14025800036457,43.534082000247693],[-116.14184500007811,43.534080999932378],[-116.14226299965453,43.534080000268311],[-116.14236499976178,43.534078999952968],[-116.14249199998339,43.534080999932378],[-116.14261699965685,43.534216999680204],[-116.142611999634,43.534258000128204],[-116.14260599978621,43.534495999763934],[-116.14260599978621,43.534710999918843],[-116.14261099980908,43.538327999708152],[-116.14428200008652,43.538327999708152],[-116.14612300024326,43.538327000114485],[-116.1463800001612,43.538325999869592],[-116.14652999994902,43.538327000114485],[-116.1492570003857,43.538325999869592],[-116.1528769998766,43.538325000275897],[-116.15311100022832,43.538325000275897],[-116.15341599982685,43.538325000275897],[-116.15347100007843,43.538325000275897],[-116.15345000016204,43.53843400017432],[-116.1534479996139,43.538672000259474],[-116.15346600005556,43.538693000068704],[-116.15375300011074,43.538693000068704],[-116.15384799964698,43.538696999721402],[-116.15402099989933,43.538693000068704],[-116.15409100021955,43.538691000242196],[-116.15441699973447,43.538694999895085],[-116.15446199994031,43.538704000089858],[-116.15473300010194,43.53872499988789],[-116.15479599985116,43.53886400028928],[-116.15489399976045,43.53907899984798],[-116.15512499973913,43.539589999881287],[-116.15542400038818,43.540251999927875],[-116.15575499992596,43.541144000301038],[-116.15585799985813,43.541407999942138],[-116.15539300042605,43.541369999729582],[-116.15482500016346,43.541325000080931],[-116.154764999889,43.541316999821504],[-116.15470499961457,43.541309000212202],[-116.15464600006332,43.541300999950693],[-116.15458599978885,43.541292999688089],[-116.15451999966663,43.541285000075597],[-116.15447500035911,43.541279000202721],[-116.15443000015325,43.541272999678121],[-116.15438599977233,43.541268000000215],[-116.1543559996351,43.541263999866828],[-116.15433100041905,43.541260999929442],[-116.15428700003812,43.541256000250492],[-116.1542429996572,43.541249999723597],[-116.15420599984728,43.5412460002402],[-116.15416099964142,43.54123999971231],[-116.1541160003339,43.541235000031662],[-116.15404199981573,43.541226000214692],[-116.1539820004396,43.541219000139051],[-116.15391499959412,43.541210999865555],[-116.15385600004291,43.541204999985368],[-116.15379599976845,43.54119799990729],[-116.1537509995626,43.54119300022316],[-116.15370700008,43.541187999887377],[-116.1536379995847,43.541180000261008],[-116.15357800020857,43.541173999726503],[-116.15352600033002,43.541167999842635],[-116.15347399955317,43.541161999958121],[-116.15343699974325,43.541157999817749],[-116.15339400008553,43.541153999677064],[-116.1533339998111,43.541147000244294],[-116.15328899960524,43.541143000102878],[-116.15322199965807,43.541136000017644],[-116.15316999977956,43.541130000129947],[-116.1531100004034,43.541124000241702],[-116.15305799962655,43.541118999900206],[-116.15299800025042,43.54111300001086],[-116.15295300004458,43.541108000319625],[-116.15291600023465,43.541104999723295],[-116.15287100002881,43.541100000031413],[-116.15284099989157,43.541097000085863],[-116.15279599968572,43.541092999941185],[-116.15275300002803,43.541088999796244],[-116.15270799982218,43.541085000302154],[-116.15266299961634,43.54108100015668],[-116.15261800030883,43.541075999811618],[-116.15258099960057,43.541072999864873],[-116.15253600029304,43.541068999718604],[-116.15250600015584,43.541065999771462],[-116.15246799962267,43.541062999824234],[-116.15243099981275,43.54105899967729],[-116.15239300017792,43.541055999729714],[-116.152348999797,43.541052000233449],[-116.15231100016216,43.541049000285511],[-116.15227400035224,43.541045000137601],[-116.15224400021502,43.541042999737968],[-116.15175600031839,43.541003000196781],[-116.15126800042174,43.540967000131126],[-116.15123200043674,43.540964000178974],[-116.15118700023089,43.540961000226659],[-116.15114100020013,43.540958000274202],[-116.15110400039021,43.540955999871635],[-116.15106599985707,43.540952999918929],[-116.15101399997855,43.540949999966081],[-116.15096899977269,43.54094700001307],[-116.15092399956684,43.540944000059866],[-116.150885999932,43.540942000308071],[-116.15084099972616,43.540938999703485],[-116.15081099958894,43.540936999951526],[-116.15076600028142,43.540933999997826],[-116.15072100007556,43.540931000044026],[-116.15068300044075,43.540929000291797],[-116.15064599973249,43.540926999888327],[-116.15061499977035,43.540925000135978],[-116.15058499963311,43.540923999934179],[-116.15056999956454,43.540922999732366],[-116.15054000032561,43.540920999979825],[-116.15045800030984,43.540916000272723],[-116.1504280001726,43.540915000070783],[-116.15039700021048,43.540913000317978],[-116.15036000040054,43.540910999913983],[-116.15032299969231,43.540909000161086],[-116.15030099995101,43.540907999959032],[-116.15026300031617,43.540906000206043],[-116.15023300017893,43.540903999801806],[-116.15018799997311,43.540902000048639],[-116.15015799983587,43.540900000295458],[-116.15012799969864,43.540899000093248],[-116.15009000006381,43.540896999688776],[-116.15005200042897,43.540894999935425],[-116.15001499972072,43.54089300018201],[-116.14998499958352,43.540891999979685],[-116.14995500034459,43.540890999777339],[-116.14992400038246,43.540889000023746],[-116.14988699967422,43.540887000270125],[-116.14984900003938,43.540886000067701],[-116.14980399983355,43.540884000313987],[-116.14976600019871,43.540881999909018],[-116.14971400032019,43.54088000015512],[-116.14969099985562,43.540878999952589],[-116.14966800028941,43.540877999750023],[-116.14964599964981,43.540877000198634],[-116.14963099958118,43.540875999996047],[-116.14961600041089,43.540871000285208],[-116.14913099998898,43.540855000295998],[-116.14904700032339,43.540851999687085],[-116.14825099955689,43.540835999692874],[-116.14822899981557,43.540835999692874],[-116.14821499957186,43.540835999692874],[-116.14797799974539,43.540832999734143],[-116.14775299961451,43.540830999978667],[-116.14773800044419,43.540830999978667],[-116.14772099982746,43.540830999978667],[-116.14700600015009,43.540832999734143],[-116.14637099994039,43.540839999854605],[-116.14605299992307,43.540845000219193],[-116.14547399978984,43.54086299996554],[-116.14530599956034,43.54086799967709],[-116.14428499956124,43.54091399986882],[-116.14399699968116,43.540929999842326],[-116.14381199973324,43.540939999905028],[-116.14325100004166,43.540977999737471],[-116.14306699991867,43.540990999743187],[-116.14232200010409,43.541051000033754],[-116.14157999976422,43.541120000098758],[-116.14083999997251,43.541199000104541],[-116.14010100000571,43.541288000011782],[-116.13960399988828,43.541355000067462],[-116.13957899977392,43.541359000194809],[-116.13955399965954,43.541362000127315],[-116.13951400037492,43.541366999797432],[-116.13947500001683,43.541373000312724],[-116.13943599965877,43.541377999981925],[-116.13939700019904,43.541383000301948],[-116.13936299986385,43.541387999970325],[-116.13933699992458,43.541392000095485],[-116.13930099993955,43.541396999763116],[-116.13926199958152,43.541402000081504],[-116.13922300012176,43.541407999942138],[-116.1391839997637,43.54141300025961],[-116.13913299971007,43.541420999855127],[-116.1390790001817,43.541427999907313],[-116.13903499980077,43.541434999958646],[-116.13898299992226,43.541442000009212],[-116.13892400037102,43.541450999793938],[-116.13888699966279,43.541456000107857],[-116.13884999985287,43.541461999963111],[-116.13880600037022,43.541467999817726],[-116.13875500031662,43.541476000057109],[-116.13870300043808,43.541484000295434],[-116.13868099979845,43.541487000221721],[-116.13863599959261,43.541494000266198],[-116.13858500043729,43.541501999850958],[-116.13854799972906,43.541507000160692],[-116.13850699972117,43.541514000202852],[-116.13846700043655,43.54152000005233],[-116.13842200023068,43.541527000092984],[-116.13837100017706,43.541535000324544],[-116.13832199977324,43.541542999903861],[-116.13828199959029,43.541548999750411],[-116.13823100043497,43.541556999979043],[-116.13817899965812,43.541565000206624],[-116.1381350001755,43.541572000242049],[-116.13809800036557,43.541578000085764],[-116.13803200024333,43.541589000231767],[-116.13798000036482,43.541597999994551],[-116.13792199974016,43.541606999755984],[-116.13785700034116,43.541617999896651],[-116.13780200008958,43.541627000306278],[-116.13776299973152,43.541633999683377],[-116.13768599973862,43.541647000198807],[-116.13763499968499,43.541654999763267],[-116.13758299980645,43.541664000167323],[-116.13750599981356,43.54167700002516],[-116.13745099956198,43.541686999963915],[-116.13739799985852,43.541695999712068],[-116.13733400028444,43.541708000025345],[-116.13727499983487,43.541717999959012],[-116.13723100035227,43.54172600016522],[-116.13718699997135,43.541733999719192],[-116.13712900024503,43.541744000299666],[-116.13707700036647,43.541753000039314],[-116.13703299998555,43.541761000240882],[-116.1369889996046,43.541768999790214],[-116.1369519997947,43.541775999801949],[-116.13692699968033,43.54178100008896],[-116.13690099974106,43.541785000187993],[-116.13686800012908,43.541792000197873],[-116.13683200014408,43.541798000019689],[-116.13678799976316,43.541806000215288],[-116.13675099995324,43.541813000222731],[-116.13672900021191,43.541817000319696],[-116.13669999989963,43.541823000138976],[-116.13667099958728,43.541827999770909],[-116.13664899984596,43.54183199986683],[-116.13662000043199,43.541837999684667],[-116.13659399959441,43.541842999966491],[-116.13656099998246,43.541848999783177],[-116.13653199967011,43.5418550002505],[-116.13650200043122,43.54185999987974],[-116.13646399989806,43.541868000067105],[-116.13643799995882,43.541872999695315],[-116.13640699999665,43.541879000160193],[-116.1363750002096,43.541884999973355],[-116.13634900027034,43.541890000251279],[-116.13632699963071,43.541893999691901],[-116.13630499988942,43.541897999783494],[-116.13627300010236,43.54190499978025],[-116.13623399974428,43.541911999776246],[-116.13620299978214,43.541918000237246],[-116.13615799957633,43.541926999950917],[-116.13612800033741,43.541932999759304],[-116.13609999984998,43.541939000218214],[-116.13606200021516,43.541946000210267],[-116.13602399968202,43.541953999735],[-116.13595500008502,43.541967999714799],[-116.13589700035872,43.54197999997394],[-116.13586100037372,43.541986999961168],[-116.13581000032006,43.54199699984855],[-116.13577299961185,43.542005000017738],[-116.13574400019785,43.542010999818316],[-116.13572400010635,43.542014999902136],[-116.13555500005197,43.542049999810025],[-116.13521500029333,43.542120000215967],[-116.1351009995922,43.542142999838596],[-116.13470200028235,43.542225999876024],[-116.13453599970268,43.542254999885721],[-116.13426399971613,43.542301999849322],[-116.13419699976897,43.545393999804482],[-116.13418500007339,43.545931000194635],[-116.13037800008641,43.545888000282595],[-116.12937299998083,43.545871000202908],[-116.12937600035391,43.545291000242671],[-116.12937700017881,43.545104999987444],[-116.1293780000037,43.544836000224024],[-116.12938300002659,43.544078999923116],[-116.12938399985148,43.543320000210521],[-116.12938700022454,43.543030000050997],[-116.12686200035259,43.543549999928921],[-116.12699399969875,43.543814000103758],[-116.12709699963092,43.544080000072576],[-116.12713699981387,43.544182999750127],[-116.12711000004971,43.544188999985096],[-116.12708499993535,43.544194000071968],[-116.12684100043617,43.54424400026641],[-116.12657299974926,43.544297000205894],[-116.12646800016728,43.544315999718307],[-116.12637500028087,43.544332000091252],[-116.12617699991415,43.544365999811561],[-116.1259769998976,43.544396000238301],[-116.12577699988107,43.544423999711526],[-116.12564100033693,43.544441999691621],[-116.12557699986452,43.54445000018746],[-116.12537500019815,43.544473000223483],[-116.12515599991505,43.544496000250675],[-116.12497099996712,43.544511999924765],[-116.12476900030076,43.54452700010367],[-116.12456599991117,43.544539999995202],[-116.12436199969667,43.544550000110256],[-116.1241590002054,43.544557999940672],[-116.12395499999089,43.544562999996892],[-116.12382699994437,43.544565000279718],[-116.12368399982923,43.544565999769965],[-116.12354800028511,43.544565000279718],[-116.1233440000706,43.544562999996892],[-116.12322699989475,43.544560000223669],[-116.12314099968103,43.544557999940672],[-116.12293700036483,43.544550000110256],[-116.12273399997524,43.544539999995202],[-116.12263500024105,43.544533000304398],[-116.12253099958565,43.54452700010367],[-116.12209600029077,43.544496000250675],[-116.12196800024427,43.544487000269406],[-116.12200599987911,43.544200000305842],[-116.12201400027503,43.544142000190362],[-116.12201799957467,43.544104999896653],[-116.12145500023328,43.544064999782442],[-116.1199079998044,43.543956000296767],[-116.1197510003439,43.543944999931547],[-116.11947099996139,43.543925000150203],[-116.1179860003551,43.543819999724306],[-116.11793399957826,43.543816999914114],[-116.11721800007599,43.543765999861968],[-116.11693199984572,43.543746000021294],[-116.11681200019513,43.543736999928001],[-116.11520100019216,43.543623999872572],[-116.11516600003206,43.543621000052582],[-116.11462700008181,43.543582999932624],[-116.11451800030186,43.543576000130656],[-116.11443399973795,43.543568999676758],[-116.11440500032394,43.54356700001199],[-116.11429200034603,43.543559000050124],[-116.11424999961494,43.543556999733909],[-116.11392199955186,43.543536000316543],[-116.11355199965602,43.543516999907183],[-116.11318099993525,43.543502000128072],[-116.11281000021449,43.543491999839219],[-116.11255599977126,43.543489000012649],[-116.11243899959541,43.543486999694125],[-116.11224000030208,43.543486999694125],[-116.11206700004972,43.543486999694125],[-116.11169200013101,43.54349099968001],[-116.11170499965149,43.543835000075404],[-116.11168700010815,43.543835000075404],[-116.11166500036683,43.543835000075404],[-116.11164799975009,43.54383600022895],[-116.11163299968146,43.54383600022895],[-116.11162000016098,43.54383699973129],[-116.11160400026745,43.54383699973129],[-116.11158500000087,43.543837999884751],[-116.11157199958208,43.543837999884751],[-116.11155400003874,43.543839000038204],[-116.11153099957421,43.543840000191643],[-116.11151200020595,43.543840999693906],[-116.11149299993937,43.543840999693906],[-116.11146199997724,43.543843000000692],[-116.11142699981713,43.543828999805207],[-116.11047000029045,43.543879999804048],[-116.10985000014935,43.543912000125999],[-116.10952899975899,43.543929000106985],[-116.10949299977396,43.543930999759745],[-116.10939099966672,43.543901999905152],[-116.10864900022518,43.543466999760881],[-116.10832100016214,43.543276999738318],[-116.10755200005811,43.542826000176184],[-116.10722499981995,43.542693999697875],[-116.10702200032867,43.542543000167676],[-116.10688699971114,43.542443000171396],[-116.10685099972613,43.542391000081771],[-116.10675399964175,43.542250999817867],[-116.10671099998405,43.542245000041127],[-116.10647900018046,43.542214999846244],[-116.10633699989023,43.542109000166853],[-116.10624300017891,43.542038000215953],[-116.10619200012528,43.542000999933251],[-116.10444300003003,43.541999999749308],[-116.10444800005291,43.541960999725312],[-116.10444300003003,43.541918999771383],[-116.10452300039599,43.541918999771383],[-116.10452699969562,43.540217000278531],[-116.10452800041885,43.539531000315229],[-116.10453000006868,43.538346000205927],[-116.10194999994512,43.538344999961353],[-116.10148999963758,43.538344999961353],[-116.09957599968592,43.538344999961353],[-116.09957999988384,43.537329000124956],[-116.09958099970876,43.537186999952105],[-116.09961099984601,43.531128000068215],[-116.09899999992572,43.531128999781266],[-116.09697999966883,43.531132999935686],[-116.09692399959233,43.531132999935686],[-116.09471500008786,43.53108999988968],[-116.0946260003994,43.531092999681817],[-116.0946260003994,43.531119999758396],[-116.0946260003994,43.531471000305245],[-116.0946260003994,43.532242000285123],[-116.09462499967618,43.534192000314597],[-116.09462399985127,43.537921999860401],[-116.09493900039385,43.538213000091346],[-116.09534500027472,43.538576000015304],[-116.09566999996471,43.538809999895022],[-116.09594199995129,43.539019000199701],[-116.09604999990633,43.539106999837074],[-116.09622999983137,43.539269000076885],[-116.09672100010106,43.539679999781391],[-116.09715999959387,43.54002099978311],[-116.09828000022551,43.540820999897896],[-116.09856899993051,43.541032000143538],[-116.0990550001773,43.541412000065925],[-116.09936700034685,43.54167199972953],[-116.09964500018118,43.541915999866589],[-116.10089299996102,43.541915999866589],[-116.10103899955087,43.542045999728529],[-116.09988899968033,43.542141000126577],[-116.09959199957942,43.542167999814865],[-116.09963199976239,43.542206000175604],[-116.09979699961883,43.542363999842223],[-116.09992899986334,43.542495000216228],[-116.10008000037435,43.542647000039878],[-116.10020800042089,43.542781999831824],[-116.10042000013298,43.543011000133284],[-116.10065299976152,43.543252999733994],[-116.10082400036404,43.543442000323324],[-116.10101900035771,43.543652999860903],[-116.10118199966601,43.543795999936201],[-116.10128200012343,43.543891999682593],[-116.10149399983555,43.544081000222015],[-116.10020199967481,43.544393999949861],[-116.10024900042879,43.544454000109404],[-116.10027899966768,43.544474999858153],[-116.10029600028444,43.544497999884634],[-116.10034099959198,43.544651000007157],[-116.10041199973709,43.544950000096058],[-116.10045199992004,43.545042000075469],[-116.10047100018662,43.545142999799189],[-116.10045299974496,43.545261999740042],[-116.10045699994291,43.545300000103907],[-116.10052800008805,43.545510000175028],[-116.10056499989794,43.545689999746735],[-116.10061900032463,43.545823999766164],[-116.10370300023833,43.545888000282595],[-116.10406200026351,43.545897000054744],[-116.10412599983762,43.545953000198324],[-116.1041660000206,43.545975000193984],[-116.10425499970906,43.546054999814594],[-116.10433000005213,43.546111999927177],[-116.10434099992277,43.546121999781469],[-116.10434000009788,43.546171999679025],[-116.10433800044805,43.546278000027897],[-116.10562200021289,43.547234000183039],[-116.10572599996998,43.547311999894461],[-116.10583399992501,43.547391999694028],[-116.10646199956371,43.547912999795408],[-116.10716299989568,43.548471000192123],[-116.10773199998314,43.548919000286553],[-116.10779499973233,43.548964000126539],[-116.10789299964163,43.549034999733387],[-116.10824400016924,43.549252000260097],[-116.10854899976776,43.549441000271315],[-116.10904599988521,43.549773999965261],[-116.11003000007439,43.550324999741008],[-116.11134700034951,43.551111000039086],[-116.11164199990228,43.551276000015086],[-116.11197300033841,43.551462000109225],[-116.11221699983756,43.5516089999876],[-116.11227100026424,43.551635999992669],[-116.11242799972476,43.551713999867189],[-116.11420699995722,43.55243600027373],[-116.11496000016773,43.552720000068788],[-116.11613799962737,43.553181999810235],[-116.11630599985682,43.553247000323886],[-116.11647400008634,43.553374999848394],[-116.116520999942,43.553410000322053],[-116.11662899989703,43.553451000088458],[-116.11673000017939,43.55348899984704],[-116.11735699999316,43.553738000276319],[-116.11763400000261,43.553849000277332],[-116.1182469995727,43.554139999802096],[-116.11873199999461,43.554420000118995],[-116.11900999982895,43.554609000199704],[-116.11974899979576,43.555109999787724],[-116.12197999993981,43.556745000196244],[-116.12379699980715,43.55807800023819],[-116.12393300024959,43.558179000251705],[-116.12412300022037,43.558306999716159],[-116.12412200039547,43.558465000144835],[-116.12414999998455,43.558709000009351],[-116.12412099967223,43.558757999975093],[-116.12411200034971,43.560427000121706],[-116.12410999980158,43.560798000009584],[-116.12409300008315,43.56079399987032],[-116.12372800021015,43.560661999682495],[-116.12326500042788,43.560614999713472],[-116.12315499992472,43.560603999784718],[-116.12305000034274,43.560725000192889],[-116.12290899987744,43.560884999880713],[-116.1223230000715,43.561540000092208],[-116.1222150001165,43.56166000006472],[-116.12220699972055,43.561668000227996],[-116.12219500002499,43.561682000185677],[-116.12214499979625,43.561737999983805],[-116.12199300035863,43.561908000075114],[-116.1218939997261,43.561841999935815],[-116.12182000010628,43.561792999874363],[-116.12177200042569,43.561761999788352],[-116.12160699967092,43.561973000289584],[-116.12159599980026,43.561987000176352],[-116.12157700043203,43.56198200026369],[-116.12131499959287,43.561895000023782],[-116.12082800041949,43.561617000308168],[-116.12077900001567,43.561588999708412],[-116.12072999961188,43.561560999746604],[-116.12041199959457,43.5613779998152],[-116.12033499960164,43.561333999994233],[-116.12025400030912,43.561287999762442],[-116.12018499981384,43.561248999849695],[-116.11984400023029,43.561054999775116],[-116.1195899997871,43.560910999765419],[-116.11953799990853,43.560945999767782],[-116.11945099986993,43.560994999867134],[-116.11909199984471,43.561246000255956],[-116.11853100015317,43.561620999741834],[-116.11843300024385,43.561692000060425],[-116.11831199987004,43.561774000012548],[-116.11810500018079,43.561922999830415],[-116.11784700043793,43.561853000289496],[-116.11756700005544,43.561851999784047],[-116.1172530002361,43.561581000185612],[-116.11569199956351,43.563010999720376],[-116.11541100025441,43.563267999809796],[-116.11482399972529,43.563807000068536],[-116.11456000013465,43.564049000143726],[-116.1140200003595,43.564543999843671],[-116.11396099990992,43.564598999776258],[-116.11366800000697,43.564903999970262],[-116.11365200011345,43.564896000236708],[-116.11363500039502,43.564887000047044],[-116.11362100015128,43.564880000115537],[-116.1136069999076,43.564873000183262],[-116.11359299966392,43.564866000250127],[-116.11358299961815,43.564860000120817],[-116.11348100040922,43.564959000225038],[-116.11331999985242,43.564863999990116],[-116.11273700041956,43.564614999972065],[-116.11209499963883,43.564404000262122],[-116.11046899956725,43.563869000072813],[-116.1096640003765,43.563596000132243],[-116.10868199983713,43.563273000266726],[-116.1082369995982,43.563123000048655],[-116.10818800009274,43.563242000291318],[-116.1084530004066,43.563554000281954],[-116.10826500008564,43.563852999678872],[-116.10814600025994,43.563851000036159],[-116.10784400013615,43.563847000099599],[-116.10798300005332,43.563570999930448],[-116.10798999972603,43.563554000281954],[-116.10797999968027,43.563544999891803],[-116.10748099991299,43.56300800021436],[-116.10752699994373,43.562882999834194],[-116.10736499956204,43.562828000287723],[-116.10716399972058,43.562760000175516],[-116.10645700043916,43.562521000311207],[-116.1063269998445,43.562477999867312],[-116.10603200029173,43.562377999745657],[-116.10586300023731,43.56229400027032],[-116.10542700021921,43.562079000188476],[-116.10527499988325,43.56197900005548],[-116.10496000023899,43.561757999713095],[-116.10484700026107,43.561678999962538],[-116.10463200017593,43.561540999951923],[-116.10453799956628,43.561480000016275],[-116.10426800012785,43.561305000050304],[-116.10355500010031,43.560796000265469],[-116.103237000083,43.560567999707779],[-116.10295900024866,43.560368999997699],[-116.10285899979124,43.560297000192513],[-116.10178699973851,43.559538000294154],[-116.10097300032697,43.558965000320462],[-116.10017699956043,43.558400999963439],[-116.09965100002898,43.558028999719497],[-116.09921099981293,43.557656999782857],[-116.09919300026958,43.557635000145176],[-116.09915999975928,43.557595999820862],[-116.09898900005506,43.557389999908878],[-116.09886900040448,43.557246000253727],[-116.0986180003343,43.556802999902835],[-116.09856899993051,43.556654999732856],[-116.09917200035318,43.556664999790989],[-116.09920999998801,43.554216999709702],[-116.09899999992572,43.554214999747167],[-116.09903599991073,43.553006999831638],[-116.0985050003564,43.552998999820474],[-116.0967100002304,43.55301899984638],[-116.09621999978562,43.553010999836808],[-116.09423100038919,43.552981999793239],[-116.09422100034345,43.553694000084413],[-116.09417799978742,43.556601000301718],[-116.09457699999561,43.556603000185063],[-116.09551000013116,43.556608999834715],[-116.09568500003334,43.55672500010489],[-116.09570099992685,43.556735000151399],[-116.09589000007276,43.556926999941332],[-116.09596799989055,43.5570809996969],[-116.0959439996011,43.557333000045837],[-116.09599899985268,43.557452999934554],[-116.09601800011927,43.557746000128979],[-116.09606999999782,43.557961999968718],[-116.09605499992919,43.558126000149706],[-116.09610599998283,43.558192999718123],[-116.09637399977143,43.558544000203796],[-116.09647199968072,43.55889300013947],[-116.09641399995438,43.559164000110961],[-116.09657200013812,43.559261000015944],[-116.0969439996838,43.55949700011238],[-116.09721599967038,43.559667999908115],[-116.0976259997492,43.559873999843695],[-116.09782599976575,43.560066999931102],[-116.09808000020897,43.560193000177378],[-116.09821099973021,43.560256999757272],[-116.09913999966781,43.5607150001576],[-116.10010600031364,43.561249999714249],[-116.10061699977649,43.561668000227996],[-116.1011800000162,43.56207400028341],[-116.10154800026223,43.562265000137529],[-116.10175300030163,43.562329999966821],[-116.10217099987806,43.562463000250204],[-116.10257599993403,43.562596000239992],[-116.10313900017373,43.562865000153828],[-116.10346399986373,43.563021999860659],[-116.10363200009324,43.563124999715534],[-116.10412599983762,43.563413999701581],[-116.10412599983762,43.563826999761922],[-116.10412699966254,43.5641709999583],[-116.10414099990625,43.567213000214515],[-116.10414199973117,43.569276000024146],[-116.10415199977689,43.572718000079647],[-116.10415400032501,43.57312399985635],[-116.10415900034791,43.574575999989122],[-116.10416000017284,43.574652000170367],[-116.10812000032067,43.574606999989008],[-116.1100600002116,43.574583999738735],[-116.11050399972733,43.574579000220766],[-116.11062000007828,43.574577999926625],[-116.11158800037393,43.574566000300671],[-116.11184899959153,43.574561999774033],[-116.11170700019962,43.574690000225019],[-116.11156099971143,43.574811000324971],[-116.11125799976271,43.575089999962188],[-116.11121199973198,43.575132999863662],[-116.11102099993626,43.575350999754235],[-116.11093499972253,43.575439999993179],[-116.11075499979749,43.575644000110429],[-116.1105229999939,43.575932999906996],[-116.11045900041979,43.576040000241001],[-116.11035099956645,43.576266999894294],[-116.1102500001824,43.576430000092209],[-116.11021699967215,43.576569999706365],[-116.11026500025105,43.576745000230616],[-116.11034700026681,43.576828000122923],[-116.11039400012247,43.576920000246233],[-116.11046100006961,43.576996000072313],[-116.11051899979593,43.577105999924711],[-116.11053200021475,43.577166000055321],[-116.11056300017688,43.577258999911834],[-116.11061800042846,43.577481000248191],[-116.11064400036773,43.577536000081935],[-116.11070799994184,43.577735999941176],[-116.11071200013978,43.577823000079327],[-116.11074899994971,43.577946999804666],[-116.11080800039925,43.578069999689305],[-116.1108269997675,43.578122999816081],[-116.11082500011769,43.57821199986266],[-116.11083699981324,43.578329999999418],[-116.1109530001642,43.578376000232744],[-116.11102199976118,43.578392000022717],[-116.1110860002336,43.578415999699715],[-116.11122599997569,43.578514000071131],[-116.11129399974774,43.57854300019028],[-116.11136300024302,43.578589999837611],[-116.11148200006873,43.578654000046093],[-116.11157699960498,43.578735999685058],[-116.11171700024536,43.578828000146991],[-116.11179900026113,43.578910999771104],[-116.11192300010968,43.579001000175161],[-116.1119530002469,43.579039000088429],[-116.11206500039991,43.579093999800541],[-116.11214200039278,43.579117999848457],[-116.11215900011123,43.579132999873607],[-116.11216499995902,43.579167999700729],[-116.11217599982967,43.579197000155645],[-116.11221000016486,43.579224000162753],[-116.11240099996057,43.579336999844074],[-116.11252399998421,43.579388999942914],[-116.11255400012145,43.579418000291398],[-116.11257500003784,43.579427999824894],[-116.11259900032729,43.579433999804486],[-116.11273700041956,43.579424000271977],[-116.11276800038169,43.579424999834849],[-116.1130510002389,43.579475000082944],[-116.11308100037614,43.579473000308084],[-116.11311200033828,43.579463000131284],[-116.1133240000504,43.579473000308084],[-116.11353300028777,43.579491999793362],[-116.11362399962604,43.579488000244744],[-116.11374900019783,43.579476000295685],[-116.11391400005428,43.579445000199392],[-116.11408399993358,43.579412999873277],[-116.11410800022301,43.579405000114477],[-116.11411599972064,43.580859000150902],[-116.11411900009367,43.581047999935038],[-116.11412699959126,43.581512000159606],[-116.11412400011656,43.581666999715523],[-116.11412499994145,43.581771999922672],[-116.11412599976634,43.581924999766535],[-116.11415099988072,43.584807999983319],[-116.11415400025381,43.585302000093129],[-116.1141550000787,43.585383000323645],[-116.11389999981054,43.585384999902203],[-116.11386899984841,43.585388000245921],[-116.11020599980148,43.585400999781655],[-116.10968899959255,43.585401999895993],[-116.10970500038439,43.586487999732029],[-116.1097289997755,43.587726000134118],[-116.1097410003694,43.58907299985502],[-116.1097980002708,43.58907299985502],[-116.11086699995047,43.589073999908294],[-116.11418600004083,43.58907299985502],[-116.11597000029617,43.58907299985502],[-116.11669500001928,43.58907299985502],[-116.12419000016753,43.589076000014913],[-116.12418900034264,43.589095999775886],[-116.12419099999242,43.590144999981099],[-116.12419099999242,43.590244000162869],[-116.12419099999242,43.590661999857879],[-116.12419299964226,43.5926990000697],[-116.12425999958943,43.592696000090399],[-116.12438199978816,43.592694000104082],[-116.12538900044188,43.592713999964076],[-116.12670499999373,43.592723999891575],[-116.12670400016884,43.594440999891553],[-116.12670400016884,43.596370999916367],[-116.12708199956229,43.596379000022928],[-116.12741399982332,43.596391999787222],[-116.12812699985085,43.596402999685644],[-116.12870299961102,43.596410999787942],[-116.12922400001793,43.596418999889238],[-116.12922900004082,43.598292999992644],[-116.12922900004082,43.598618999728949],[-116.12923099969061,43.600214999826854],[-116.13130100017624,43.600227000195495],[-116.13137700034422,43.600227000195495],[-116.13165699982839,43.600224999808972],[-116.13196800017302,43.600225999676944],[-116.13428899983047,43.600233999921507],[-116.13428299998269,43.599290000150397],[-116.1342699995639,43.597261999799187],[-116.13426100024137,43.595905999782843],[-116.13425899969324,43.595534000211657],[-116.13424000032498,43.592817999779484],[-116.1342410001499,43.592797999954051],[-116.13920800005315,43.592988999967311],[-116.14233399979965,43.593035000060461],[-116.14324400036897,43.59307700017137],[-116.14414300016935,43.593119000252969],[-116.14417800032946,43.594936000271638],[-116.14455700044613,43.594942999962583],[-116.14493400001467,43.59494799974135],[-116.14825300010502,43.594987999908284],[-116.14822600034084,43.595070000069818],[-116.14782399975962,43.596211000163954],[-116.14776100001041,43.596391999787222],[-116.14763399978882,43.596755999854054],[-116.14717400037961,43.596748999723367],[-116.14558400029301,43.596720999843221],[-116.14444600011807,43.596701999940315],[-116.14418099980418,43.59669700030728],[-116.14418400017722,43.598700000253544],[-116.14418599982704,43.600059000021034],[-116.14418599982704,43.600089999910431],[-116.14418599982704,43.600385999812353],[-116.14418699965196,43.60108999977674],[-116.1441890002001,43.602501999683319],[-116.14419000002502,43.602934000228487],[-116.14419099984991,43.603563999907998],[-116.14419199967483,43.604116999725896],[-116.14428700010939,43.604116999725896],[-116.14674800040726,43.604136999692308],[-116.14747599960509,43.604142999811017],[-116.14758199991029,43.604145999870141],[-116.14782100028488,43.604145999870141],[-116.14783100033063,43.604649999875107],[-116.14817899958686,43.604802000317804],[-116.14858000034315,43.605652000259212],[-116.14885200032973,43.606082999879227],[-116.14918000039278,43.606605000188956],[-116.15004300020816,43.607097999863555],[-116.15020600041477,43.607191000311019],[-116.15023499982877,43.607273999854542],[-116.15039999968521,43.607571999677717],[-116.1506309996639,43.607844000200743],[-116.15079700024357,43.608024999953336],[-116.15092500029009,43.608207999932851],[-116.15096600029796,43.608303999816741],[-116.15098700021436,43.608502000109752],[-116.15091699989416,43.608686000316744],[-116.15085599979479,43.608765000194062],[-116.15083400005348,43.608784000190226],[-116.15072400044862,43.608883000278588],[-116.15067000002193,43.608916999995408],[-116.15061499977035,43.608942000234038],[-116.1506020002499,43.608949000246966],[-116.15048699972384,43.609010000232153],[-116.15061999979325,43.609118999753136],[-116.15084699957394,43.609234999706679],[-116.15102099965122,43.60928900007972],[-116.15131199990438,43.609337999870434],[-116.15172399963301,43.609330000186077],[-116.15181900006758,43.609328000102231],[-116.15181700041774,43.609401999908542],[-116.15180700037199,43.609763000189773],[-116.15180499982387,43.609841000245147],[-116.15179800015117,43.610072000040937],[-116.15179499977812,43.610201000140556],[-116.15177300003681,43.610962999955426],[-116.15176899983885,43.611088000044624],[-116.15176100034125,43.611377999771427],[-116.15324299957449,43.611383000135767],[-116.15327199988681,43.611383000135767],[-116.15375599958547,43.611387999849221],[-116.15416400001448,43.611393000212729],[-116.15433700026684,43.611393999895085],[-116.15435099961223,43.61141000001448],[-116.15436499985594,43.611424999797372],[-116.15463500019267,43.611722000191044],[-116.15466799980464,43.611758999933663],[-116.15486100014847,43.612008999795577],[-116.15509299995207,43.612311000194047],[-116.15518099981563,43.612424000198757],[-116.15534200037241,43.612569999930784],[-116.15562199985656,43.612824000259266],[-116.15591399993464,43.613087999960406],[-116.15620699983761,43.613351999803498],[-116.15654499994639,43.613653999961798],[-116.1568620001388,43.61393799988133],[-116.15700199988089,43.614063999929087],[-116.15709800014038,43.614149999954655],[-116.15711400003387,43.614164999704506],[-116.15745600034064,43.614471000158595],[-116.15752699958743,43.614534999937675],[-116.15763200006774,43.614541000319967],[-116.15791199955191,43.614559000162465],[-116.15804100032166,43.614566999801653],[-116.15812499998724,43.614664000220245],[-116.15818899956133,43.614737999965072],[-116.15830900011025,43.614868999711867],[-116.15840199999668,43.614949999819594],[-116.15852300037051,43.615052999951594],[-116.15856100000532,43.615085000190312],[-116.1586790000061,43.615193999757878],[-116.15871099979317,43.615222999764669],[-116.15901999958965,43.615505000200457],[-116.15918399962119,43.615653999742221],[-116.15923499967479,43.615700999678218],[-116.15935000020083,43.615805999693116],[-116.15957100013379,43.616007999726399],[-116.15967499989085,43.616102000309041],[-116.15983700027255,43.616069999961141],[-116.1601569999397,43.616030000152712],[-116.16042200025356,43.616064999986563],[-116.16310100011131,43.616417000304544],[-116.16372000042752,43.616461999797536],[-116.16453999968684,43.616461999797536],[-116.16480800037378,43.616479999715402],[-116.16520099983583,43.616619999831975],[-116.16532300003458,43.616662999983504],[-116.16555400001326,43.616795999924783],[-116.16485699987926,43.617621999819356],[-116.16500199964422,43.617675000237732],[-116.16501800043604,43.617683999690612],[-116.16503400032958,43.617692999792496],[-116.16505500024599,43.61771599982994],[-116.16506199991866,43.617738000281648],[-116.16506299974358,43.617760000074959],[-116.1650560000709,43.6177939999762],[-116.16505299969782,43.617807999891696],[-116.16504500020025,43.617853999869801],[-116.16429899966244,43.618485000230194],[-116.16428199994398,43.618512999736133],[-116.16420199957805,43.618644999925685],[-116.16417900001184,43.618631999767118],[-116.16414700022476,43.61861300028076],[-116.16411500043773,43.618769000095924],[-116.16404299956939,43.61980299971907],[-116.1640280003991,43.620021999950438],[-116.16400099973659,43.620421000013948],[-116.16492899984929,43.622180999815242],[-116.16497499988003,43.622268000089257],[-116.16499099977356,43.622298000087298],[-116.16500699966709,43.622329999721856],[-116.16502199973569,43.62235699988797],[-116.1650490003982,43.622407999735188],[-116.16489799988716,43.622406000086237],[-116.16446900044005,43.622402000137924],[-116.16385699979655,43.622395999889768],[-116.15762899969468,43.622333000174422],[-116.15608800001191,43.622320000163008],[-116.15328000028273,43.622289000024409],[-116.15328000028273,43.623515999850333],[-116.15328199993255,43.623952000179798],[-116.15328100010765,43.625626999703819],[-116.15328000028273,43.62619500019882],[-116.15327500025987,43.627763999831565],[-116.15327299971173,43.628268000241718],[-116.15326799968886,43.629537000288458],[-116.1535880002543,43.629539999731129],[-116.15754300037928,43.629575000153402],[-116.16094899960993,43.629602999696317],[-116.16198300002785,43.629611999964609],[-116.16326599996778,43.629622000261094],[-116.16325699974691,43.631387999876367],[-116.16325699974691,43.631548999690608],[-116.16355999969564,43.631633000072704],[-116.16408399957726,43.631591000221434],[-116.1645139997476,43.631867999999258],[-116.16471899978698,43.631572000279064],[-116.16518300029249,43.631288999776451],[-116.16593700032789,43.630831999802112],[-116.16673700039408,43.629650999811183],[-116.16662500024107,43.629301999700317],[-116.16751800019367,43.629003000227343],[-116.16770800016444,43.628939000242589],[-116.16796900028038,43.628850999827158],[-116.16811499987023,43.629049000093033],[-116.16832400010759,43.629191000276144],[-116.16850599968249,43.629234999925977],[-116.16866399986623,43.629229999745711],[-116.16885200018721,43.629580999685004],[-116.16934299955857,43.62944900009839],[-116.16939199996239,43.629546999947259],[-116.16946899995528,43.629700999944312],[-116.16950800031333,43.629750000008393],[-116.16973099989609,43.630028999864159],[-116.17016299971623,43.6305549998008],[-116.16782600016523,43.631298999793962],[-116.16789599958712,43.631522999749791],[-116.16766600033165,43.631661999952854],[-116.168485999591,43.63322999994849],[-116.17324099978214,43.633262000265461],[-116.17330400042964,43.628900999975556],[-116.1733069999044,43.628753000143895],[-116.1733079997293,43.628384000321013],[-116.17340300016386,43.628358999711878],[-116.1735040004462,43.628331000239683],[-116.17667299985041,43.627482000320526],[-116.17684399955463,43.627441000235336],[-116.17686299982118,43.627488000061049],[-116.17696199955537,43.627755999997397],[-116.17700400028652,43.627891000226093],[-116.17685399960037,43.628065999782308],[-116.17673899997263,43.628336999895474],[-116.17671100038355,43.628418000066404],[-116.17657900013906,43.628528000220086],[-116.17641299955939,43.628591999992231],[-116.1762650003197,43.62866500010638],[-116.17609299989226,43.62872300011604],[-116.17598499993723,43.62874799992354],[-116.17585299969275,43.628879999749245],[-116.17583699979922,43.629055999716122],[-116.17587500033235,43.629230999781818],[-116.17585299969275,43.629557000254607],[-116.17582599992856,43.629720999855891],[-116.17587500033235,43.629858000273977],[-116.17599099978501,43.630040000113915],[-116.17612800005234,43.630308999743335],[-116.17628799988593,43.630462999738619],[-116.17643600002394,43.630538000209818],[-116.17653499975813,43.630643999684565],[-116.17662799964457,43.630694000291996],[-116.17664199988825,43.630783999980196],[-116.17665299975891,43.630880000235898],[-116.17655999987248,43.630886000287461],[-116.17570000043018,43.630948000134637],[-116.17569700005713,43.631053000180927],[-116.17568399963834,43.631419999873785],[-116.17582900030162,43.631416999874737],[-116.17611499963355,43.631410999876238],[-116.1763060003276,43.631406999876909],[-116.1766660001777,43.631399999877402],[-116.17671200020847,43.631398999877398],[-116.17686700001916,43.631388999876563],[-116.17672399990401,43.63147599982829],[-116.17659500003259,43.631660999957191],[-116.17657199956804,43.631877999920441],[-116.17656300024554,43.632294999702658],[-116.17643799967374,43.632703000038397],[-116.1762440004033,43.633090000149259],[-116.17620000002238,43.633210999874095],[-116.17620000002238,43.633305000217597],[-116.17625500027395,43.633617999879625],[-116.1762159999159,43.63388699974891],[-116.17602400029529,43.634332999786679],[-116.17594700030239,43.634585999906712],[-116.17599099978501,43.634708999760129],[-116.17658099978888,43.635473000289018],[-116.17681000011774,43.635771000154641],[-116.17693999981408,43.635939000051444],[-116.17686700001916,43.635936000277972],[-116.17688700011064,43.635960999685807],[-116.17635400000815,43.636429000047478],[-116.17663199984251,43.636731999929758],[-116.17701500015717,43.636811000019151],[-116.17708600030225,43.636825999966781],[-116.17708200010431,43.636123000173455],[-116.17728499959556,43.636084999897633],[-116.17728200012085,43.636073000181909],[-116.17725899965632,43.636035999797294],[-116.17724100011297,43.636019999729378],[-116.17721400034877,43.636000999886932],[-116.17724799978566,43.636007000077342],[-116.1772700004253,43.636009999847261],[-116.17755099973436,43.63594600017236],[-116.17742500023598,43.635845999853153],[-116.17767399975801,43.635581999953146],[-116.17783500031479,43.635411999841963],[-116.17825100024142,43.635411999841963],[-116.17825500043936,43.636684000269099],[-116.17825600026428,43.637497999890677],[-116.17826200011208,43.640122999921331],[-116.178262999937,43.640446000272],[-116.178262999937,43.640500999768264],[-116.17764899964364,43.640495000026611],[-116.17710899986847,43.640487999785485],[-116.17674700036855,43.640483999740212],[-116.17577400005003,43.640476000298982],[-116.17330299970641,43.640450000319788],[-116.17035500023516,43.640431999777554],[-116.16828700029767,43.640420000279875],[-116.16830099964309,43.642676000235781],[-116.16830700038916,43.643678999969623],[-116.16830999986391,43.643990999760028],[-116.16882799989776,43.643993999781422],[-116.1691330003946,43.643998000243073],[-116.16958500030621,43.644005999865421],[-116.171498000433,43.644020999967019],[-116.17169400025158,43.644021999757001],[-116.17273799981692,43.644032000255834],[-116.17324800035315,43.644039000084028],[-116.17327699976717,43.644038000294337],[-116.17333299984364,43.644039999873655],[-116.17359200030974,43.644045000121828],[-116.17389000023557,43.643615999809072],[-116.17467400040822,43.643534999969887],[-116.17537300019202,43.643936999999802],[-116.17537099964389,43.644085999930709],[-116.1782710003329,43.64415099982407],[-116.17845200008288,43.644155000275255],[-116.18097799977976,43.644211999850043],[-116.18106099962041,43.644214000073639],[-116.1813279995841,43.644220000093959],[-116.18147700044534,43.644229999909818],[-116.18163800010383,43.644226999900248],[-116.18300399988442,43.644257999775398],[-116.18327900024403,43.644263999791328],[-116.18328099989387,43.645009000145741],[-116.18328099989387,43.645044999782286],[-116.18326400017541,43.645057000306394],[-116.1832349998631,43.64507299991805],[-116.1830449998923,43.645180000177206],[-116.1830170003032,43.645184999680438],[-116.18278700014946,43.645231999930644],[-116.18268400021729,43.645254000062742],[-116.18265499990495,43.645259000209869],[-116.1825870001329,43.645273000229508],[-116.18248000000278,43.645294999696581],[-116.1824530002386,43.645294999696581],[-116.18240100036006,43.645294999696581],[-116.18210099988609,43.645293999927794],[-116.18206999992397,43.645293999927794],[-116.1816940001803,43.645422000096957],[-116.18131400023873,43.645552999936932],[-116.18114199981129,43.645610000135335],[-116.18079799985469,43.645725000131577],[-116.18025100040683,43.645907999779034],[-116.17986899991709,43.646142999783905],[-116.18001200003224,43.646273000249131],[-116.17974800044158,43.64637399986637],[-116.17952699961033,43.646459000075559],[-116.17926499966951,43.646557999884571],[-116.17897000011673,43.646670000128452],[-116.17867399984071,43.646782999907479],[-116.17838000011285,43.646894999731785],[-116.17825799991411,43.646941999944076],[-116.17810599957815,43.646999999864953],[-116.17800900039208,43.64703999986741],[-116.17792300017837,43.647071000241027],[-116.17734900006799,43.647289999929278],[-116.17721500017369,43.647289000193702],[-116.17703699989846,43.647289000193702],[-116.17643900039697,43.647287000072495],[-116.17614800014383,43.647228999778747],[-116.1752009997646,43.647041000257126],[-116.17501800036479,43.647443000226104],[-116.1749840000296,43.647504000159316],[-116.17516800015261,43.647545999938806],[-116.17514300003825,43.647606999767426],[-116.17512299994677,43.647651000234021],[-116.17504199975592,43.647826000101546],[-116.17549200001771,43.647933999731926],[-116.17550500043652,43.64794000003068],[-116.17322999991147,43.647944000229536],[-116.17331000027743,43.650664999998362],[-116.17333000036891,43.651334999843392],[-116.17333100019383,43.651385999800993],[-116.17329299966069,43.651385999800993],[-116.17320099959916,43.651385999800993],[-116.17309500019228,43.651385000133637],[-116.17279100041868,43.651381999831372],[-116.17114000023271,43.651340999802436],[-116.16944100036619,43.651984999719254],[-116.16835000004689,43.652691000041848],[-116.16835099987181,43.652906000169814],[-116.16835500006975,43.65302900021733],[-116.16835599989467,43.653085000181896],[-116.16835699971956,43.653144999946768],[-116.16836299956735,43.653559000135175],[-116.16836500011549,43.65366300003857],[-116.16837000013835,43.65391200020661],[-116.16837599998615,43.654299999822705],[-116.16838100000902,43.654597000285662],[-116.16838500020697,43.654825999832298],[-116.16944100036619,43.654827999702462],[-116.1701049999899,43.654828999962469],[-116.17245999998258,43.654830999832527],[-116.17276600030431,43.654832000092526],[-116.17343400012599,43.654832000092526],[-116.1734359997758,43.655100999876488],[-116.1734369996007,43.655366000051124],[-116.17343900014886,43.655701000032977],[-116.17344400017173,43.656702999777686],[-116.17356600037047,43.656862000200469],[-116.17368299964804,43.657022999999242],[-116.1737169999832,43.657071000307837],[-116.17379700034915,43.65718100000376],[-116.17344699964646,43.657306999750489],[-116.17345300039257,43.658371000139148],[-116.17345400021749,43.658537999681215],[-116.17345400021749,43.658670999902661],[-116.17345800041541,43.659299000135007],[-116.17493499962579,43.659222000095568],[-116.17544400033714,43.658896000041395],[-116.17601400024952,43.658525999900839],[-116.17601599989936,43.658090999744118],[-116.1760259999451,43.657946000291368],[-116.17601500007444,43.657868999816593],[-116.17532499961315,43.657416000097037],[-116.17528699997831,43.657393000302719],[-116.17527500028275,43.65715300031296],[-116.1752719999097,43.656989999764811],[-116.17540300032927,43.656949000314881],[-116.17570499955474,43.656854999916845],[-116.17600699967852,43.656761000021589],[-116.17630999962722,43.656666999979137],[-116.17661199975103,43.65657400002052],[-116.17685399960037,43.656497999968352],[-116.17693899998916,43.656471999774489],[-116.1772500003338,43.656374999876782],[-116.1773630003117,43.656340000116479],[-116.17758400024464,43.656233000239787],[-116.17785500040628,43.656099999817535],[-116.17816300037786,43.655950000199773],[-116.17819900036287,43.655931999752482],[-116.17853200044881,43.655770000033861],[-116.17856300041095,43.655755000266453],[-116.17878699981861,43.655646000154498],[-116.1788499995678,43.655615000307144],[-116.17918000017899,43.655453999982868],[-116.17947899992974,43.655309000011698],[-116.17977900040371,43.655161999831435],[-116.17989800022941,43.655103999992967],[-116.18009599969781,43.65504400023552],[-116.18019299978219,43.655013999684371],[-116.18040799986734,43.654948000238974],[-116.18038600012602,43.654862999694139],[-116.18035699981372,43.654765999797107],[-116.1803130003311,43.65458700024584],[-116.18050499995172,43.654535999756789],[-116.18063999967093,43.654501000224492],[-116.18092400025138,43.65436499971257],[-116.18124100044379,43.654214000040291],[-116.18153099997372,43.654076000283197],[-116.18159999957066,43.654042999729128],[-116.18189400019686,43.653902999678188],[-116.18194100005253,43.653879999838239],[-116.18229099985687,43.653712999690534],[-116.1826420003845,43.653545999728387],[-116.182946999983,43.653320000055956],[-116.18315600022038,43.653166000142782],[-116.18325199958153,43.65309499982191],[-116.18327400022116,43.653069000104487],[-116.18333899962016,43.652995000097278],[-116.18351400042067,43.652797999730119],[-116.18390900043089,43.652740999853087],[-116.18394799989062,43.652735000033914],[-116.18430600009091,43.652683999921962],[-116.1845229998259,43.65265200019914],[-116.1847970003606,43.652503000067],[-116.18509799976115,43.652337000291453],[-116.18539999988496,43.652171999711392],[-116.18570200000875,43.652006999977971],[-116.18595300007892,43.651868999699133],[-116.18602199967589,43.651835000222327],[-116.18633700021849,43.651680999751051],[-116.18665199986275,43.651527999849861],[-116.18696599968209,43.651373999891362],[-116.18728200004958,43.651220000187919],[-116.18743900040843,43.651143000188164],[-116.18757099975457,43.651044000136217],[-116.18782799967254,43.650848999871805],[-116.18799300042728,43.650723999902603],[-116.18809600035945,43.650569000151478],[-116.18826799988859,43.650313999711535],[-116.18830100039887,43.650263999829676],[-116.18841500020169,43.650094000310077],[-116.18835599975213,43.649981000259906],[-116.18832800016305,43.649927000034296],[-116.18842699989725,43.649899999903312],[-116.18856499998951,43.649863000233715],[-116.18874200043985,43.649815999706995],[-116.18878500009755,43.64980400013367],[-116.18880199981598,43.649798999714918],[-116.18883299977811,43.649789999870038],[-116.18886499956517,43.649779999679787],[-116.18889600042561,43.649768999793551],[-116.18893499988536,43.649755000171773],[-116.18897400024343,43.649738999857206],[-116.18900400038065,43.649725999923476],[-116.18903399961957,43.649712000291672],[-116.18906100028205,43.649698999702125],[-116.18908899987116,43.649683999718349],[-116.18911800018347,43.649668999730821],[-116.18914499994766,43.649653000043301],[-116.1891709998869,43.649636999701563],[-116.18919099997841,43.649623999745756],[-116.18920900042006,43.649610999787129],[-116.18922100011561,43.649601999914132],[-116.18925799992554,43.649575000287015],[-116.18929300008564,43.649547000299783],[-116.18932099967475,43.649522000044826],[-116.18935300036013,43.649491999985102],[-116.18937299955329,43.649472000153651],[-116.18939699984273,43.64944499981813],[-116.18942500033013,43.649413000319548],[-116.18943799985061,43.649396999913819],[-116.18945200009429,43.649377000050741],[-116.18946600033803,43.649357999882113],[-116.18947700020865,43.649340999760405],[-116.18949099955405,43.649318000123316],[-116.18950499979775,43.649294000125231],[-116.18951700039163,43.649270999820125],[-116.18952999991211,43.64924699980326],[-116.18959199983641,43.649114000158889],[-116.18960100005722,43.649092999846047],[-116.18961000027807,43.649077000005086],[-116.18961899960057,43.649061999865964],[-116.18963299984428,43.649041000184958],[-116.18964000041528,43.649030999869943],[-116.18965200011085,43.649015999719339],[-116.18968499972283,43.648841999778568],[-116.18965600030883,43.648751999835561],[-116.19232299957268,43.648123000080346],[-116.19259899975721,43.648279999731898],[-116.19266700042758,43.648332000051816],[-116.19298299989676,43.648677999709193],[-116.19312500018698,43.648890000126357],[-116.19335100014278,43.649228000243532],[-116.19399700022318,43.650194000315167],[-116.19383900003942,43.650192000290687],[-116.19295799978239,43.650178000117542],[-116.19298500044489,43.650620999789673],[-116.19257600019097,43.6508900002366],[-116.19237000032666,43.651026000168336],[-116.1919860001871,43.651279000196944],[-116.19183300002622,43.651379999846455],[-116.19177000027703,43.651420999848803],[-116.19175100001046,43.651420000181979],[-116.19173199974391,43.651418000198326],[-116.19148800024473,43.65140299999392],[-116.19132199966506,43.651387000118383],[-116.19102799993719,43.651363999964794],[-116.19075900032368,43.651342999788653],[-116.19072800036155,43.651340999802436],[-116.19042700006266,43.651318000281222],[-116.19027800009974,43.651305999708008],[-116.19012699958868,43.651314999975661],[-116.18956900027017,43.651348999746887],[-116.18947499966053,43.651354999704481],[-116.18931999984983,43.651459999840881],[-116.18889399987748,43.651751000132379],[-116.18875400013539,43.65184599973017],[-116.18845100018669,43.652050000164891],[-116.18835199955419,43.652257999818218],[-116.18830600042173,43.652356000167657],[-116.18826200004081,43.652447999859397],[-116.18794700039655,43.653110000253697],[-116.18740199970019,43.65350800007301],[-116.18655200030364,43.653762000322978],[-116.18590799987305,43.653898000250614],[-116.18558700038101,43.653966000098954],[-116.18450799975727,43.654191999940103],[-116.18332600009968,43.654927000016158],[-116.18296100022671,43.655452999733271],[-116.18303599967147,43.655499000149248],[-116.18326900019828,43.655638999729106],[-116.18500999989762,43.656685000206096],[-116.18507199982189,43.656705999814122],[-116.18519200037079,43.656745000273659],[-116.18542699964912,43.656822999816931],[-116.18551799988572,43.656688000243385],[-116.18557800016019,43.656611999685573],[-116.18559999990151,43.656583000148608],[-116.18560800029744,43.65657400002052],[-116.185615999795,43.65656400030992],[-116.18562400019093,43.656555000178983],[-116.18571999955209,43.656598999939717],[-116.18577700035181,43.656543000002301],[-116.18584299957574,43.656491999874646],[-116.18591500044406,43.656448000035503],[-116.18599599973662,43.656410000266675],[-116.18608199995033,43.656380999982233],[-116.18617099963882,43.656360000260555],[-116.18626400042353,43.656346999810211],[-116.18640699964035,43.656343000170999],[-116.18650100024999,43.656351999683785],[-116.186613000403,43.656374000292466],[-116.18670100026654,43.656401000112645],[-116.1867830002823,43.656435000254149],[-116.18686199992501,43.656474999822464],[-116.18693600044318,43.656519999873602],[-116.18700400021524,43.656569000165433],[-116.18706799978935,43.656623000268276],[-116.18712399986583,43.656680999939475],[-116.18717699956927,43.656751999920175],[-116.18719800038399,43.656779999797948],[-116.18725399956219,43.65688500019813],[-116.1872779998516,43.65695299991372],[-116.18729700011818,43.657050999750652],[-116.18730100031615,43.657135999798001],[-116.18729200009531,43.657220000154787],[-116.18727600020182,43.657289999929041],[-116.18724400041476,43.657369000281918],[-116.18712499969075,43.657369000281918],[-116.18703299962924,43.657371000067386],[-116.18700500004016,43.657371000067386],[-116.18692399984928,43.657372000285037],[-116.18675499979491,43.657375000287992],[-116.18647699996055,43.657613999826758],[-116.18627799976893,43.657784000156951],[-116.18627000027132,43.657843000216367],[-116.18626299970032,43.657906999961959],[-116.18616899998896,43.65863000030069],[-116.18608500032339,43.659279999855904],[-116.18604000011754,43.659627999841092],[-116.18597499982022,43.660152000279055],[-116.18697800027597,43.661932000087255],[-116.18698099975072,43.662304999790834],[-116.18700000001726,43.664412000024051],[-116.18631700012698,43.665338000053445],[-116.18647699996055,43.665483999932022],[-116.18768899975537,43.66483799968394],[-116.18802299966622,43.664687999800712],[-116.18843000027029,43.664580999854259],[-116.18868299999029,43.664557000107308],[-116.18920199984903,43.664567999884206],[-116.19058799972113,43.664626999775649],[-116.19075099992777,43.664624000135035],[-116.19105999972425,43.664565000240636],[-116.19135699982516,43.664460999723858],[-116.19144200021398,43.664412000024051],[-116.19147800019898,43.66439199996266],[-116.19152099985668,43.664408999722852],[-116.1916830002384,43.66449700004808],[-116.19169400010905,43.664510000033509],[-116.19171699967526,43.664513999778542],[-116.19173000009405,43.664519000271746],[-116.19174299961456,43.664524000114682],[-116.19175600003335,43.664527999858727],[-116.1917689995538,43.664532999700917],[-116.19178899964528,43.664538000192529],[-116.19180100023917,43.664541999935651],[-116.19181499958457,43.664545000230213],[-116.19182800000335,43.664547999874827],[-116.19184100042214,43.664550000070982],[-116.19185499976754,43.664552999715347],[-116.19186800018633,43.664554999911331],[-116.19188200043001,43.664556000009348],[-116.19189999997339,43.664558000205247],[-116.19191599986689,43.664559000303214],[-116.19193099993552,43.664559999751269],[-116.19194600000412,43.664559999751269],[-116.19196100007274,43.664559999751269],[-116.19197600014137,43.664559999751269],[-116.19199100020998,43.664559000303214],[-116.19200600027861,43.664558000205247],[-116.19201999962398,43.664557000107308],[-116.19203499969261,43.664554999911331],[-116.19205099958612,43.664552999715347],[-116.19206599965474,43.664551000169084],[-116.19209099976909,43.664545999678552],[-116.19210699966261,43.664541999935651],[-116.19211900025648,43.664538000192529],[-116.19213199977696,43.664534999897619],[-116.19214400037086,43.664531000153985],[-116.19216699993707,43.664523000016132],[-116.19217799980773,43.664518000173103],[-116.19219100022652,43.664512999679872],[-116.19220399974699,43.664506999737206],[-116.19221600034086,43.664501999892856],[-116.19222800003644,43.664495999949125],[-116.192239999732,43.664488999905736],[-116.19224999977776,43.664482999960661],[-116.19226099964841,43.66447700001504],[-116.19227099969416,43.664471000068829],[-116.19253400035818,43.664292000205684],[-116.19254400040394,43.664285000138456],[-116.19255299972646,43.664278000070411],[-116.19256199994727,43.664269999898877],[-116.1925700003432,43.664262999829091],[-116.19258100021386,43.66425199999631],[-116.1925910002596,43.664242999718041],[-116.19259999958213,43.664232999985003],[-116.1926060003282,43.664224999807423],[-116.19261499965073,43.664216000174967],[-116.19262100039684,43.664207999995121],[-116.19262800006952,43.664198999710308],[-116.19263399991731,43.664190000073958],[-116.19264099959,43.664179000227797],[-116.19264599961286,43.664169999938636],[-116.19265099963573,43.664160000193384],[-116.19265599965863,43.664148999691875],[-116.19266099968146,43.66413899994312],[-116.19266400005455,43.66413000029781],[-116.1926680002525,43.664118999790809],[-116.19268199959789,43.664067000143362],[-116.19275899959079,43.66375399990185],[-116.19276199996382,43.663744000087299],[-116.19276399961363,43.663733000159418],[-116.19276799981161,43.663723999803395],[-116.19277299983447,43.663715000095834],[-116.19277700003245,43.663705999737104],[-116.19278399970514,43.66369499980226],[-116.19279100027615,43.663686000090351],[-116.19279700012393,43.663677999839877],[-116.19280600034475,43.663668000012713],[-116.19281800004032,43.663659000296754],[-116.19282700026115,43.663651000042691],[-116.19283599958366,43.663643999900764],[-116.19284900000245,43.663635000181202],[-116.1928590000482,43.663629000150827],[-116.19286900009394,43.663623000119848],[-116.19288199961443,43.663617000088223],[-116.19289300038338,43.663612000169756],[-116.19290400025405,43.663607000250856],[-116.19291799959943,43.663603999909419],[-116.1929300001933,43.663600000103806],[-116.19294199988889,43.663596000297872],[-116.19295699995749,43.663592999955881],[-116.19297100020118,43.663590000263603],[-116.19298600026981,43.663588000035411],[-116.19299999961518,43.663585999807196],[-116.19301600040706,43.663584999693015],[-116.19303099957732,43.663584000228724],[-116.19304399999614,43.663584000228724],[-116.19305700041492,43.663584999693015],[-116.19306999993539,43.663585999807196],[-116.19330099991407,43.663607000250856],[-116.19329199969326,43.663663000098488],[-116.1932950000663,43.664905000047831],[-116.19329800043936,43.665990999988466],[-116.20325800018512,43.666042999918773],[-116.20325900001004,43.665863000118144],[-116.20328400012438,43.662431999965996],[-116.20329599981993,43.661778000164411],[-116.20589299966194,43.661762999948245],[-116.20839300031786,43.661761999803694],[-116.20882900033594,43.662025999685618],[-116.2091799999652,43.662511000052014],[-116.20972800013629,43.662503999777115],[-116.21015999995643,43.662508000305621],[-116.21022799972852,43.662508999787867],[-116.21058299955575,43.662749999942427],[-116.21089200025057,43.663169000151399],[-116.21127700021503,43.663692000115077],[-116.21129800013141,43.663720000005732],[-116.21178699985295,43.663844000107311],[-116.21190400002882,43.66381400005384],[-116.21193099979298,43.663871999927125],[-116.21153699960772,43.664473999717082],[-116.21141000028442,43.664665000192691],[-116.21135099983486,43.664752000048004],[-116.21128200023789,43.66485700015361],[-116.21124000040508,43.664922000312593],[-116.21119699984908,43.664986000310371],[-116.21113999994766,43.66507299970047],[-116.21116099986408,43.665079999675818],[-116.21117500010777,43.665084000032664],[-116.21118699980332,43.665087999739399],[-116.21120000022211,43.66509300018479],[-116.21121500029075,43.665099000068835],[-116.21122699998629,43.665102999774625],[-116.21124000040508,43.665109000307517],[-116.21125299992556,43.665114000101319],[-116.21126499962114,43.665118999894695],[-116.21127600039009,43.665123999687665],[-116.21128899991059,43.665129000130044],[-116.21130300015427,43.665136000098819],[-116.21131499984986,43.665140999890355],[-116.21132900009354,43.665147999857773],[-116.2113399999642,43.665153000298112],[-116.21135099983486,43.66515800008824],[-116.21136199970552,43.665163999965849],[-116.21137299957617,43.665168999755011],[-116.21138299962189,43.665175000281309],[-116.2113969998656,43.665182000244755],[-116.21140799973625,43.665188000119919],[-116.21141799978203,43.665193999994521],[-116.21142899965268,43.665199999868477],[-116.21143899969842,43.665205999741843],[-116.21144899974415,43.665212000264432],[-116.2114589997899,43.665219000223566],[-116.21146899983563,43.665225000095027],[-116.21147899988136,43.665230999965885],[-116.21148800010219,43.665237999922802],[-116.21149899997285,43.665243999792374],[-116.21150800019369,43.665250999747769],[-116.21151800023942,43.665257000265868],[-116.21211099971805,43.665673000284492],[-116.21212099976378,43.665680000189873],[-116.21213199963444,43.66568700009438],[-116.2121490002512,43.665697000235106],[-116.21215900029695,43.665703000058798],[-116.21216900034268,43.665708999881872],[-116.21218100003824,43.665715999783053],[-116.212191000084,43.665722000254668],[-116.21220299977955,43.66572699999741],[-116.2122129998253,43.665732999818104],[-116.21222500041918,43.665738000209757],[-116.2122349995666,43.665744000029342],[-116.21224899981031,43.665749999848323],[-116.21226100040418,43.665755000238569],[-116.21227200027485,43.665759999978562],[-116.2122830001455,43.665764999718135],[-116.21229599966598,43.665769000029329],[-116.21230700043496,43.665773999768156],[-116.21231900013051,43.665778000078809],[-116.21233099982609,43.665781999739302],[-116.21234300041996,43.665786000049373],[-116.21235599994043,43.665790999786772],[-116.21237199983396,43.665796000173607],[-116.21238799972748,43.665799999832949],[-116.21240000032135,43.665804000141812],[-116.21241399966678,43.665807999800634],[-116.21242700008554,43.665811000031916],[-116.21243999960602,43.665814000263047],[-116.21245200019989,43.665816999844203],[-116.21246499972038,43.66581899999813],[-116.21247700031428,43.665822000228864],[-116.21249099965962,43.665823999732744],[-116.21250499990336,43.665826999963279],[-116.21251800032215,43.665829000116815],[-116.21253199966752,43.665831999697225],[-116.21254599991124,43.665832999773968],[-116.21255900033003,43.665834999927313],[-116.21268400000351,43.665850999852275],[-116.21269999989701,43.665853000005072],[-116.21271300031583,43.665854000081417],[-116.2127269996612,43.665857000310403],[-116.21274400027797,43.665859999889456],[-116.21275799962334,43.665863000118144],[-116.21277100004212,43.665865999696841],[-116.21278699993567,43.66586899992523],[-116.21280299982918,43.665873000229496],[-116.21281500042308,43.665876999883722],[-116.21282899976846,43.665881000187454],[-116.21284200018725,43.665884999841133],[-116.21285700025587,43.665890000220074],[-116.21287200032447,43.665896000024524],[-116.21288499984495,43.665900999752772],[-116.21289800026373,43.665905000054906],[-116.21290900013439,43.6659099997824],[-116.21292000000506,43.665915000159316],[-116.21293099987571,43.665919999885979],[-116.2129450001194,43.665926999762512],[-116.21295699981498,43.66593400028809],[-116.21296799968562,43.665939000013125],[-116.21297799973135,43.665944999812673],[-116.212988999602,43.665951000261401],[-116.21303299998296,43.665978000323811],[-116.21304300002869,43.665984000119408],[-116.21310599977788,43.666021000253672],[-116.21311599982364,43.666027000045034],[-116.21312800041751,43.666033999909075],[-116.2131400001131,43.666040999772356],[-116.21315000015881,43.666047000211485],[-116.21316199985439,43.66605300000019],[-116.21317400044826,43.666059999861247],[-116.21318500031892,43.666066000298486],[-116.21319700001447,43.666072000085286],[-116.21321100025818,43.666078999944133],[-116.21322600032681,43.666086999874629],[-116.21323999967218,43.666093000309168],[-116.21325499974081,43.666101000237752],[-116.21326899998449,43.666107000021107],[-116.2132820004033,43.666112999803808],[-116.21329499992376,43.666119000235746],[-116.21330599979443,43.66612399994542],[-116.21331900021322,43.666129000304501],[-116.21333500010677,43.666136000156655],[-116.21334699980233,43.666140999864915],[-116.2133590003962,43.666146000222582],[-116.21337299974158,43.666152000001389],[-116.21339000035833,43.6661579997796],[-116.2134029998788,43.666162000064652],[-116.21341399974946,43.666166999770745],[-116.21342700016825,43.66617200012621],[-116.21344200023685,43.666176999831464],[-116.21345899995531,43.666182000186133],[-116.21347400002391,43.666186999890563],[-116.21348800026762,43.666192000244401],[-116.2135009997881,43.666195999877317],[-116.21351699968162,43.666201000230409],[-116.21353199975023,43.666204999862714],[-116.21354500016902,43.66620900014464],[-116.21355900041273,43.666212999776427],[-116.21357500030626,43.66621700005782],[-116.21358700000181,43.66622099968906],[-116.2135989996974,43.666223999899707],[-116.21399399970761,43.666323999687449],[-116.21400999960113,43.666327999961403],[-116.214022000195,43.6663310001667],[-116.21403999973838,43.666334999790401],[-116.21405399998206,43.666339000063608],[-116.21407099970051,43.666342000268358],[-116.214086999594,43.666344999823131],[-116.21410500003567,43.666348000027568],[-116.2141200001043,43.66635100023187],[-116.21413599999779,43.666353999786239],[-116.21415299971625,43.666355999922224],[-116.21416899960978,43.666359000126114],[-116.21418299985349,43.666361000261979],[-116.21419600027228,43.666361999680085],[-116.21421299999072,43.6663639998158],[-116.21422600040951,43.666365999951495],[-116.21424300012794,43.666367000019299],[-116.21425700037165,43.666369000154901],[-116.21427400009007,43.666370000222649],[-116.21429199963342,43.666371000290432],[-116.21430900025018,43.666371999708318],[-116.21432599996862,43.666372999776065],[-116.21433900038743,43.666373999843742],[-116.21435399955772,43.666373999843742],[-116.21436699997651,43.666373999843742],[-116.21438000039529,43.666374999911412],[-116.21439499956558,43.666374999911412],[-116.2144160003803,43.666374999911412],[-116.21442899990079,43.666374999911412],[-116.21451000009164,43.666246000140227],[-116.21457500038896,43.666144000079555],[-116.21458299988657,43.666130999798199],[-116.21473500022253,43.666129000304501],[-116.21512199983682,43.666136000156655],[-116.21568099987857,43.666139999793351],[-116.2163939999061,43.666146000222582],[-116.21641900002044,43.666145000151104],[-116.21645900020344,43.666147000294046],[-116.21658800007485,43.666147999715719],[-116.21671699994627,43.666148999787147],[-116.21678100041871,43.666148999787147],[-116.21729699990442,43.666153000072754],[-116.21738399994307,43.666154000144154],[-116.21809399959754,43.666159999922165],[-116.21809399959754,43.666323000268719],[-116.21809399959754,43.666359000126114],[-116.21810100016853,43.667193000309474],[-116.21809899962041,43.668018000239584],[-116.22164700003961,43.668095000044431],[-116.22293900020037,43.668122999830821],[-116.22355099994554,43.668135999680764],[-116.22512299959047,43.668170000324743],[-116.22658800000357,43.668202000225207],[-116.22818499976287,43.668236000181992],[-116.22825599990796,43.668185000239589],[-116.22833899974866,43.66812499990786],[-116.22900599974544,43.667641000107089],[-116.22939599973276,43.667357999903011],[-116.22961699966572,43.667197999929698],[-116.2298540003905,43.667030999782867],[-116.23032899986832,43.666684999945694],[-116.23105799978937,43.666153000072754],[-116.23220299963704,43.665323000076945],[-116.23231399996513,43.665242999705853],[-116.23324600027577,43.664567999884206],[-116.23324499955254,43.665637000015678],[-116.23324499955254,43.666322000200189],[-116.23324600027577,43.666862999761726],[-116.23324399972762,43.667266000311606],[-116.23324200007779,43.667686000237019],[-116.2332429999027,43.668206999761381],[-116.2332429999027,43.668989999702021],[-116.23324200007779,43.669091000102462],[-116.2332429999027,43.669466000192372],[-116.23324200007779,43.669559999689945],[-116.23324200007779,43.669885000309378],[-116.23324200007779,43.670231999897823],[-116.23324200007779,43.67025699997798],[-116.23324200007779,43.670271000018325],[-116.23323000038225,43.674486000104132],[-116.23243000031609,43.674487999969124],[-116.23213099966704,43.674487999969124],[-116.23084299970421,43.674489999834115],[-116.22963900030533,43.674488999901655],[-116.22824000001447,43.674488999901655],[-116.22574899957938,43.674498999875368],[-116.22575100012752,43.675090999768685],[-116.22611500017557,43.675584999709358],[-116.22646400015505,43.676058000152786],[-116.22646499997994,43.676472000231001],[-116.22646699962978,43.677007999811828],[-116.2253000000408,43.676986000267483],[-116.2251300001615,43.676993000152947],[-116.22498100019857,43.676990999721674],[-116.2247939997025,43.676988999940043],[-116.22392599986428,43.676978999731595],[-116.22359299977833,43.676975000167467],[-116.22315199973738,43.676970000062283],[-116.22284100029107,43.676969000171098],[-116.22252800029662,43.676966999739072],[-116.22173300025332,43.676953999852763],[-116.22138799957351,43.676950000287015],[-116.22090999972264,43.676944000288152],[-116.21930600029066,43.67692600028797],[-116.21848100011015,43.676916999961044],[-116.21811799988696,43.676911999850979],[-116.2181120000392,43.678213999879333],[-116.21811000038937,43.678827999681261],[-116.21810799984125,43.679384999776943],[-116.21810500036651,43.680982000278163],[-116.21810399964328,43.681304000003898],[-116.21810500036651,43.681447999741678],[-116.21810799984125,43.683112000078339],[-116.21811000038937,43.684132000095865],[-116.21810700001633,43.684665999933252],[-116.21810000034361,43.686176000321346],[-116.21809699997058,43.686915999801833],[-116.21809600014566,43.687065000274139],[-116.21809600014566,43.687205000293432],[-116.21811100021428,43.687741000131091],[-116.21856300012588,43.687745000276699],[-116.21861699965426,43.687745999988252],[-116.21900400016689,43.687750000133526],[-116.21991399983789,43.687759000134612],[-116.22008700009026,43.687761000206876],[-116.22295599991881,43.687793000054363],[-116.22314000004182,43.68779500012549],[-116.22370699958115,43.687800999688825],[-116.22568599983016,43.687822000104426],[-116.22571699979233,43.687822999814742],[-116.22768400034576,43.687842999863129],[-116.22816999969425,43.687849000071267],[-116.22816600039461,43.687175999945104],[-116.22817800009017,43.684240999807649],[-116.22828500022031,43.681181999883414],[-116.22830500031178,43.680636000309136],[-116.23011299995825,43.68065600015516],[-116.23181500019786,43.680675999994513],[-116.23203199993281,43.680675000165095],[-116.23210399990282,43.68067800030289],[-116.2327709998996,43.6806879998949],[-116.23322299981122,43.680691000032049],[-116.23322399963614,43.680103000170256],[-116.23323600023001,43.677086000316649],[-116.23328899993349,43.677086000316649],[-116.23391599974727,43.677096999746617],[-116.23653199985583,43.677140000156925],[-116.23675199996384,43.677143999710012],[-116.2367839997509,43.677143999710012],[-116.23709599992044,43.677148999800735],[-116.23665900007744,43.676303000095253],[-116.23644200034245,43.675869999924366],[-116.23634199988503,43.675676000280738],[-116.23663599961291,43.675398999782921],[-116.23676399965942,43.67526999991447],[-116.23687300033767,43.67515599989062],[-116.23669000003957,43.675081999816207],[-116.23668199964365,43.675063999907209],[-116.23682899995674,43.674924000142077],[-116.23697200007189,43.674790000265162],[-116.23715100017203,43.674664000175852],[-116.23729699976188,43.674561000195034],[-116.23749799960335,43.674525999990998],[-116.23773699997794,43.674485000171551],[-116.23803200042904,43.674435000274642],[-116.23831000026338,43.674387000204376],[-116.23832799980674,43.674383999752067],[-116.23861999988479,43.674332999835848],[-116.2390219995677,43.674263999727422],[-116.23909000023806,43.674251999841694],[-116.23933799993519,43.67407100002908],[-116.23939200036185,43.674030999838926],[-116.23940200040759,43.674024000257681],[-116.23960200042416,43.673874999882024],[-116.23981699961099,43.673719000169335],[-116.24002800039651,43.673563000051125],[-116.24024199975844,43.673407000177157],[-116.2404099999879,43.673284000290465],[-116.24048199995794,43.673230000228912],[-116.24061599985222,43.67318199984458],[-116.2408669999224,43.673091000039399],[-116.24115200032777,43.672987999957726],[-116.24146000029934,43.672877999984465],[-116.24154800016288,43.672846999937846],[-116.24171999969202,43.672715999857481],[-116.24175300020231,43.672691000151893],[-116.24178099979139,43.672670000287184],[-116.24201400031822,43.672491000182958],[-116.24230800004607,43.67227000019264],[-116.24245899965881,43.672156000317493],[-116.24267299991907,43.671994000190864],[-116.24290999974554,43.671908999736921],[-116.24298500008859,43.671885000320799],[-116.24312999985355,43.671830000323155],[-116.24336599985511,43.671745000286705],[-116.24360100003173,43.671660000129869],[-116.24382500033772,43.67157999975759],[-116.24406200016419,43.67149500001684],[-116.2443450000214,43.671691000139845],[-116.24438299965624,43.671717000240655],[-116.24439900044808,43.671728999983493],[-116.24441600016651,43.671739999745682],[-116.24443899973275,43.67173199991889],[-116.24446999969489,43.671722000133812],[-116.24492199960649,43.671559000153891],[-116.24486700025322,43.671204999880594],[-116.24511199957729,43.67107800007205],[-116.24537699989116,43.670943000062799],[-116.24560399967189,43.670825000292098],[-116.24566499977125,43.670792999840771],[-116.24579399964269,43.670731000176623],[-116.24582399977993,43.670712000266704],[-116.24598500033673,43.670627999943214],[-116.24603300001728,43.6706030000176],[-116.24583300000074,43.670297000084545],[-116.24577699992426,43.670210999822473],[-116.24613199975147,43.670169000299509],[-116.24667700044786,43.670103999974209],[-116.24694500023645,43.670116000039556],[-116.24709500002426,43.670118000050238],[-116.2472370003145,43.670118000050238],[-116.24684399995411,43.670362000200839],[-116.24683800010632,43.671194000020357],[-116.2468349997333,43.671643999804004],[-116.24745499987439,43.671646999743587],[-116.24778499958728,43.671647999723454],[-116.2482669996361,43.671649999683027],[-116.24827000000916,43.671445000227749],[-116.24827900023,43.670873999955241],[-116.24829000010065,43.670127000097374],[-116.24852000025442,43.670129000107629],[-116.24868699976069,43.670130000112785],[-116.24876200010375,43.67013100011787],[-116.25203099996538,43.670157000244757],[-116.25200800039917,43.671941000243031],[-116.25327399972234,43.6719500000168],[-116.25328299994315,43.671379999984808],[-116.25328999961586,43.670811999725004],[-116.25329999966161,43.670162000267879],[-116.25336400013403,43.670336000162763],[-116.25352999981536,43.670779999916462],[-116.25367399975542,43.670943000062799],[-116.25369399984689,43.670972999802309],[-116.25376499999203,43.671101999810872],[-116.25382400044157,43.671209999816405],[-116.25398799957476,43.671457000024979],[-116.25428700022381,43.671655000231539],[-116.25443700001166,43.671905999810427],[-116.25468899990673,43.672120000038397],[-116.25478900036418,43.672391000273471],[-116.25491200038782,43.672654000230629],[-116.25506700019852,43.67290400022079],[-116.25518199982623,43.67309000008359],[-116.25529900000211,43.673279999830356],[-116.25541799982778,43.673384999962387],[-116.25583200010458,43.673745000041301],[-116.25589300020395,43.673772999790877],[-116.25630999995548,43.673964999856672],[-116.2566299996226,43.674112000131366],[-116.25692099987573,43.674291999884538],[-116.25725499978658,43.674429000024297],[-116.25711500004451,43.67460000010135],[-116.2578759997526,43.675049999685527],[-116.25812500017295,43.67519699990136],[-116.25821899988428,43.675252999981652],[-116.25832199981642,43.67531400025333],[-116.25853199987873,43.675530999769123],[-116.25869400026042,43.675708999989759],[-116.25878299994889,43.67564600029327],[-116.25890799962235,43.675543000048826],[-116.25894600015552,43.675502000274484],[-116.25903200036923,43.675704999691298],[-116.25912899955529,43.675731999914078],[-116.25925999997486,43.675769999797886],[-116.25960999977924,43.675955999873828],[-116.25983099971216,43.676073000045385],[-116.26031500030913,43.676426000291166],[-116.26085199971128,43.67653499971],[-116.26086900032803,43.677404999859824],[-116.26081400007641,43.677475000137576],[-116.26052000034858,43.677627000311006],[-116.26014899972947,43.677829999685692],[-116.25962700039598,43.678113999761038],[-116.25875199998676,43.678590999866337],[-116.25861300006957,43.678666000024151],[-116.25843099959637,43.679081000155691],[-116.25834600010589,43.679265999860775],[-116.25830799957274,43.679352000140469],[-116.25692400024879,43.679190999803254],[-116.25681399974562,43.679260999946464],[-116.25631699962817,43.679576000229986],[-116.25601899970233,43.6797649997362],[-116.25611999998465,43.679767999919513],[-116.2583829999158,43.679867999879889],[-116.25825900006726,43.679919000289239],[-116.25688400006581,43.680475000169039],[-116.25551400008726,43.68103299974058],[-116.2542350003453,43.681538999866937],[-116.25383799978695,43.68123800022515],[-116.25362299970179,43.681607000241634],[-116.25330800005753,43.681798999928283],[-116.25307500042901,43.681948000117721],[-116.25274900001577,43.682009999886908],[-116.25247200000634,43.682062000230729],[-116.25240000003633,43.682076000115707],[-116.25182299955291,43.682186000119152],[-116.25307799990374,43.682113000074416],[-116.25313599963006,43.682622000227646],[-116.25213800009551,43.683195000030544],[-116.25195899999535,43.683296999697134],[-116.2518769999796,43.683344000001057],[-116.25116700032513,43.683490000254075],[-116.25106199984481,43.683594000279896],[-116.25097900000415,43.683675000006502],[-116.25093399979829,43.683719000028645],[-116.25088000026996,43.68377299974604],[-116.25049799978019,43.683370000250122],[-116.25059700041272,43.682766999844695],[-116.25053100029048,43.682762000222134],[-116.24885099979223,43.682617999740401],[-116.24881399998227,43.682561000239183],[-116.24880800013452,43.682549999861919],[-116.24880200028672,43.68253999993064],[-116.24854399964555,43.682137999752662],[-116.24850799966055,43.682156000138228],[-116.24815000035855,43.68233499999706],[-116.24765099969298,43.682582999688364],[-116.24747499996589,43.682671000003019],[-116.24741899988936,43.682782999803365],[-116.24731599995722,43.68299100017709],[-116.247281999622,43.683059000205319],[-116.24717500039021,43.683276000295884],[-116.24699200009209,43.683643999690979],[-116.24691599992414,43.684009000105746],[-116.24681100034215,43.684405999954144],[-116.24680200012131,43.68443900005888],[-116.24672199975537,43.684522999889296],[-116.2466749998997,43.684567999703674],[-116.24663899991469,43.684599000191291],[-116.24661299997543,43.684621999956008],[-116.24659799990683,43.684635000129838],[-116.24644700029408,43.684632000189907],[-116.24674100002194,43.685242000260779],[-116.24685999984763,43.685836999928874],[-116.2469080004265,43.685899999968498],[-116.2471529997506,43.686246999846659],[-116.24720200015439,43.686159000230411],[-116.24723800013942,43.686095000074083],[-116.24742599956207,43.685758999757134],[-116.24763300014961,43.685829999776011],[-116.24854600019368,43.686140999746712],[-116.24851199985849,43.686312000225875],[-116.2484420004366,43.686662999887218],[-116.2484280001929,43.686732999757254],[-116.24840100042871,43.686868999698106],[-116.24830199979621,43.686971999987847],[-116.24823499984905,43.687035000134657],[-116.24811299965033,43.687159999858892],[-116.24807199964246,43.687201000111862],[-116.24801300009122,43.687261000209695],[-116.24798999962668,43.687284000252966],[-116.2479760002813,43.687296999849856],[-116.24795700001471,43.687324999771576],[-116.24791600000684,43.687312000180711],[-116.24783499981599,43.687285999691419],[-116.24775799982307,43.687259999840457],[-116.24768300037834,43.687236000067948],[-116.24760700021035,43.687210999915784],[-116.24753199986726,43.687189999935818],[-116.24745700042251,43.687171000040387],[-116.24738499955417,43.687147999953837],[-116.24716600016939,43.687075999823456],[-116.24709800039732,43.687052999700477],[-116.24703399992488,43.687028000121643],[-116.24691299955109,43.686983000203867],[-116.2468570003729,43.686960000045183],[-116.24680200012131,43.686936999877723],[-116.24677799983186,43.686926000302869],[-116.24660899977745,43.68722699998839],[-116.2469429996883,43.687500000285276],[-116.24695399955895,43.687676999713929],[-116.24695799975693,43.687779999915364],[-116.24689400018282,43.687858999767158],[-116.24654699985317,43.688280999836024],[-116.24628599973728,43.688598000223855],[-116.24618000033037,43.68859899992124],[-116.2460189997736,43.68859899992124],[-116.24519600014119,43.688600000268146],[-116.24504800000318,43.688600000268146],[-116.24447600044098,43.688600999965445],[-116.24438900040235,43.688600999965445],[-116.24427100040155,43.688600999965445],[-116.2441409998069,43.688000000239001],[-116.243955999859,43.687122999764988],[-116.24352999988663,43.68733300011796],[-116.24340600003806,43.687393999801223],[-116.24307200012723,43.687117000133838],[-116.24285899969189,43.686938999977343],[-116.24249899984179,43.686251999828343],[-116.2424729999025,43.686201999992548],[-116.24267999959174,43.685405000101703],[-116.24280900036149,43.684907999880679],[-116.24282600007994,43.684843999688852],[-116.24280599998845,43.684566999939108],[-116.24280299961539,43.684524000304172],[-116.24280699981337,43.684211999975204],[-116.24281500020929,43.683207999863974],[-116.24281500020929,43.683179000181767],[-116.24287700013356,43.682532000244223],[-116.24302000024869,43.682472999763228],[-116.24324200000655,43.682383000205938],[-116.24331200032674,43.682354999926375],[-116.24297699969267,43.682246999839251],[-116.24264500032996,43.682137999752662],[-116.24200199972434,43.681925999786031],[-116.24185000028669,43.681877000051784],[-116.2415640000564,43.681782999707195],[-116.24085600005175,43.681843999837],[-116.24002500002345,43.6819159997507],[-116.23968400043992,43.681625000136854],[-116.23931100017103,43.680919000270897],[-116.23931100017103,43.680724000231372],[-116.23760100043383,43.680725999888516],[-116.23739899986916,43.68072999985224],[-116.23680200019258,43.680726999717045],[-116.23607900011929,43.680726999717045],[-116.23583800009489,43.680728000195231],[-116.23571599989614,43.680728000195231],[-116.23558600019982,43.680728000195231],[-116.23559799989536,43.682053000024545],[-116.23560999959092,43.683413000062579],[-116.23561299996398,43.68377299974604],[-116.2362690000901,43.684566999939108],[-116.23665900007744,43.68503899997912],[-116.2372690001728,43.685775999961479],[-116.23742700035655,43.68596799994738],[-116.23847900031778,43.687240999967202],[-116.23867299958822,43.68747599995924],[-116.23974299999114,43.68808999981399],[-116.24210399983157,43.689444000001572],[-116.24333200041822,43.689799999858955],[-116.24427100040155,43.690067999824457],[-116.24502500043697,43.690282999905428],[-116.24578899961982,43.690501999826999],[-116.24579799984063,43.690495000218554],[-116.24694400041153,43.68989500030851],[-116.2471479997277,43.689765000099833],[-116.24726300025377,43.689672000102391],[-116.24742100043751,43.689525000273399],[-116.24769000005104,43.689244999695177],[-116.2484709998506,43.688437999714985],[-116.24863300023235,43.688302000083617],[-116.24873299979143,43.688234000152306],[-116.24888599995231,43.688184000019874],[-116.24903400009032,43.688111999833914],[-116.24918800007609,43.688011999973611],[-116.24928099996252,43.687911000237719],[-116.24934600025986,43.687806999901113],[-116.24943199957524,43.687653000108263],[-116.24951500031425,43.687441999859807],[-116.2496600000792,43.687177000315742],[-116.24984099982916,43.686936000152635],[-116.249990999617,43.686775000029812],[-116.25002199957913,43.686746999851358],[-116.24954799992619,43.686478000255029],[-116.24979899999637,43.686236999881977],[-116.25080699957668,43.685282000123259],[-116.25154700026671,43.685709999905562],[-116.25160800036606,43.685745000082051],[-116.2516250000845,43.685735000033695],[-116.25172100034399,43.685658000125336],[-116.25176800019968,43.685594000084109],[-116.2518209999031,43.685504000012074],[-116.2519489999496,43.685131000259084],[-116.25201400024696,43.684845000098377],[-116.25213399989754,43.684660000056354],[-116.25230299995195,43.684536000084535],[-116.25287500041247,43.684219000316837],[-116.25336499995892,43.684049000140746],[-116.25411499979637,43.683838999984189],[-116.2552079997655,43.683029000011295],[-116.25661999957687,43.682374999848967],[-116.25713599996088,43.682126000142297],[-116.25771699974395,43.682012000150856],[-116.2583689996721,43.681763000236863],[-116.25885800029195,43.681528999767103],[-116.25901999977536,43.68149500019485],[-116.26002999990381,43.681133000191238],[-116.26071299979409,43.681001000184857],[-116.26282199973946,43.681043999746343],[-116.26330899981117,43.680975000208441],[-116.26344699990345,43.680973999734377],[-116.26344199988056,43.681126999960988],[-116.26344400042869,43.683473999834327],[-116.26344400042869,43.683585000303545],[-116.26344500025361,43.684505000213932],[-116.26333300010063,43.684566999939108],[-116.26315999984827,43.684662999994877],[-116.26109699993364,43.685806999824834],[-116.26103400018445,43.685841000201457],[-116.26108000021522,43.685355999960962],[-116.26109699993364,43.685176000266999],[-116.26067199978623,43.684747999922791],[-116.26065900026575,43.68473499977344],[-116.26059099959537,43.684666999696113],[-116.26047400031781,43.684682000035075],[-116.26047500014273,43.68478200024996],[-116.26047500014273,43.684799000081561],[-116.26048099999052,43.685327999769754],[-116.26049900043218,43.687007999801459],[-116.2605000002571,43.687110000130389],[-116.26050399955673,43.687432999811158],[-116.26122699963,43.68801499974446],[-116.26124300042184,43.688027999832521],[-116.2622069996212,43.687799000267496],[-116.26318499996262,43.687567999749568],[-116.26388100027171,43.687400999771576],[-116.26417400017466,43.687289000148219],[-116.26517199970924,43.686907000323814],[-116.26578000015478,43.686715000095411],[-116.26596000007984,43.68665799993979],[-116.26654900025881,43.686471999909806],[-116.26652300031954,43.68645100032073],[-116.26647499974064,43.686417000289865],[-116.26657500019807,43.686364999823347],[-116.26659399956634,43.686356999997422],[-116.26662399970357,43.686344999931706],[-116.26664299997013,43.68633799983813],[-116.26666600043465,43.686330999743738],[-116.26668499980295,43.686325999768627],[-116.2667099999173,43.686320000057805],[-116.26672900018387,43.686317000202145],[-116.26674400025246,43.686315000081734],[-116.26676299962071,43.686312000225875],[-116.26677600003953,43.686310999840764],[-116.26679000028324,43.686310000105301],[-116.26681200002453,43.686308999720197],[-116.26683499959074,43.686307999984699],[-116.26686499972796,43.686308999720197],[-116.26687999979659,43.686310000105301],[-116.26690300026112,43.686312000225875],[-116.26693699969799,43.686317000202145],[-116.26697100003318,43.686322999913266],[-116.26699000029976,43.686327999888668],[-116.26701299986597,43.686334000248308],[-116.26703600033052,43.686340999692739],[-116.26705499969879,43.686347999785973],[-116.2670770003384,43.686356999997422],[-116.267092000407,43.686364999823347],[-116.26710800030052,43.686371999913725],[-116.26713000004185,43.686384999708309],[-116.26714199973743,43.686389999678497],[-116.26715599998111,43.686401999735196],[-116.26717500024769,43.686413999789487],[-116.26718799976817,43.686423999724617],[-116.2680360004132,43.686092999946268],[-116.26807900007091,43.685940000041839],[-116.26828699958509,43.685192999986903],[-116.2684509996166,43.684605000074299],[-116.26844999979168,43.684405000186928],[-116.26844399994391,43.683346000220496],[-116.26843800009613,43.682282999889864],[-116.26851099989105,43.682212000220431],[-116.26858200003616,43.681911000057212],[-116.26858200003616,43.681805000091323],[-116.26863300008981,43.681767999942679],[-116.26863499973962,43.681489000000802],[-116.2683379996387,43.681065999751794],[-116.26832699976804,43.681035000037106],[-116.26843100042345,43.68103299974058],[-116.26843100042345,43.681005999954174],[-116.26858200003616,43.681005000130256],[-116.26866800024989,43.681004000306359],[-116.26877100018204,43.681002999832771],[-116.26885999987053,43.681002000008846],[-116.2692099996749,43.681002000008846],[-116.269497999555,43.681002000008846],[-116.2697870001583,43.681002000008846],[-116.2700769996882,43.681001000184857],[-116.2703649995683,43.681013999844033],[-116.2706540001716,43.681015000317423],[-116.27094000040186,43.681016999964882],[-116.2712109996652,43.681017999788551],[-116.27191700002004,43.68102199973282],[-116.27218300015882,43.681020999909201],[-116.27221599977078,43.681068000047219],[-116.27233100029683,43.681195999973745],[-116.27239499987094,43.68126800001545],[-116.27274200020055,43.681615000051401],[-116.27296300013352,43.681856000153424],[-116.27310500042373,43.682001000322579],[-116.27327100010505,43.682156000138228],[-116.27345799970281,43.68231200000519],[-116.27352200017523,43.682357000178769],[-116.27386699995674,43.682558999993589],[-116.27399099980529,43.682623999821487],[-116.27416300023276,43.682702000171687],[-116.27427600021066,43.682744999813337],[-116.27443799969404,43.682790000311783],[-116.27464299973347,43.682828000273297],[-116.27484000027528,43.682848000038213],[-116.27523899958513,43.682867999796507],[-116.27531999977597,43.682875000294963],[-116.27543299975387,43.68289100022487],[-116.27549899987612,43.682902999682227],[-116.27552099961743,43.682855999682445],[-116.27557400021918,43.682785999835744],[-116.27470300000793,43.682484000154609],[-116.27443799969404,43.682355999727754],[-116.27426600016491,43.682259000075071],[-116.2742490004465,43.680999999711226],[-116.27674400018121,43.680994999941454],[-116.27674300035629,43.681374000280513],[-116.27675500005186,43.681884999825499],[-116.27675699970167,43.681962999837246],[-116.27662799983028,43.681962999837246],[-116.27632499988154,43.681964000294812],[-116.27631900003378,43.683050999938501],[-116.27633999995015,43.683062000223906],[-116.2768420000905,43.683320999746378],[-116.27670700037129,43.683403000275113],[-116.27647999969224,43.683559999929031],[-116.27636599988944,43.683680000202571],[-116.27625899975931,43.68385699985933],[-116.27600600003933,43.684232999698466],[-116.27586799994707,43.684416000224005],[-116.27583100013715,43.684519000178454],[-116.2758210000914,43.684621999956008],[-116.27593099969626,43.684615000310991],[-116.27781700005886,43.684616000074747],[-116.2780029998317,43.684616000074747],[-116.2785939996605,43.684616000074747],[-116.27896799975429,43.684616000074747],[-116.27931500008393,43.684616000074747],[-116.27967800030707,43.684616000074747],[-116.27996199998921,43.684615000310991],[-116.28017600024945,43.684747999922791],[-116.28021700025735,43.684753000029424],[-116.28040899987795,43.684904999954405],[-116.28129599998275,43.685182999846518],[-116.28239800017272,43.685475000140563],[-116.28299999987216,43.685566000003995],[-116.28330299982088,43.685563999858537],[-116.28375700028062,43.685655999983005],[-116.28405699985629,43.685727000123741],[-116.28427600013939,43.685778999844146],[-116.28459099978367,43.685867000017858],[-116.28461099987516,43.685872999774034],[-116.28520400025209,43.686040999848487],[-116.28568200010297,43.686164000219435],[-116.28680699985915,43.686503000063141],[-116.28745600031257,43.686796999882482],[-116.28801100015635,43.686936999877723],[-116.28819100008141,43.686981999830003],[-116.28907200033842,43.687254999942787],[-116.28906599959231,43.687429000294301],[-116.28907300016334,43.687494999758016],[-116.28906499976739,43.687539000226295],[-116.28906300011761,43.688221000108896],[-116.28995600007018,43.688219999755674],[-116.29056100014266,43.688219999755674],[-116.29056299979248,43.687925000056921],[-116.29056299979248,43.687815000183257],[-116.29056199996758,43.68777599977215],[-116.29118700013154,43.687954999751241],[-116.2911839997585,43.688219999755674],[-116.29180700027266,43.688219000051966],[-116.29180800009757,43.688153999790501],[-116.29181300012047,43.688093000230573],[-116.29181899996823,43.688012999680716],[-116.29181399994536,43.687992999688959],[-116.29181200029554,43.686810999961651],[-116.29181200029554,43.686700000264857],[-116.29181200029554,43.686529000242217],[-116.29181099957231,43.686461000249686],[-116.29181300012047,43.686391999796363],[-116.29181300012047,43.686226999915682],[-116.29181300012047,43.686104000323489],[-116.29181300012047,43.686025999849356],[-116.2927670001724,43.686028999719575],[-116.29285199966289,43.686027999979366],[-116.29329799972673,43.686027999979366],[-116.29360099967543,43.686028999719575],[-116.29395899987573,43.686028999719575],[-116.29407199985363,43.686028999719575],[-116.2940690003789,43.686312000225875],[-116.2940479995642,43.688382999948963],[-116.29424400028108,43.688391999855064],[-116.29485000017847,43.688439999764554],[-116.2954700003196,43.6885089998108],[-116.29612999974536,43.688699000102076],[-116.29646700002925,43.688786999889444],[-116.29789399990922,43.689163000006836],[-116.29778699977911,43.688262000286173],[-116.29831700040684,43.688263999692076],[-116.29873099978531,43.688267000099948],[-116.29902399968827,43.688269000155231],[-116.29901899966538,43.689169999770741],[-116.29901799984049,43.689353999859904],[-116.29901700001557,43.689450000049504],[-116.30152400034417,43.689927999991838],[-116.30381099966644,43.690355999751652],[-116.30416499966879,43.690140000260683],[-116.30427500017196,43.690231999862306],[-116.30534499967655,43.690758000071128],[-116.30571399974748,43.690888000076136],[-116.30605299968119,43.690983999759055],[-116.30677400010465,43.691175999963058],[-116.30742699985774,43.691286999820925],[-116.30810100042549,43.691364999949243],[-116.30861899956106,43.69136299999716],[-116.30886600033158,43.691409999827187],[-116.30915900023452,43.691424999779052],[-116.3094739998788,43.691407000226135],[-116.30994500005697,43.691405000275459],[-116.31044100034956,43.691452000072566],[-116.31134099997483,43.691544999908146],[-116.31202999971291,43.691717999861091],[-116.31234100005754,43.691772000172215],[-116.31249199967026,43.691801999891055],[-116.31268599983902,43.6918490000266],[-116.31298499958977,43.691945999761508],[-116.31334199996513,43.692071000293375],[-116.31354299980657,43.692147000125708],[-116.31388400028844,43.692288000260248],[-116.31388699976318,43.692064999858097],[-116.31388900031131,43.691932999873089],[-116.31390000018197,43.69116099994897],[-116.31391299970244,43.690259999713042],[-116.31392799977105,43.689233999894043],[-116.31394000036495,43.688439999764554],[-116.31394299983968,43.688254999766762],[-116.3139510002356,43.68768500001341],[-116.31397200015201,43.686313999696722],[-116.31398499967247,43.685250000235413],[-116.31401700035785,43.68313099996012],[-116.31402099965747,43.682516000218619],[-116.31355500040047,43.682361999835088],[-116.31268500001408,43.682073000047872],[-116.30739199969763,43.680319999908463],[-116.3065520003468,43.68003000018966],[-116.30546100002751,43.679653000148804],[-116.30485000010724,43.679441999696856],[-116.30401400005604,43.679153000136807],[-116.30364199961207,43.679031000190186],[-116.30341499983133,43.678955999838912],[-116.30278600036772,43.678732000033492],[-116.3015679998268,43.678297999979875],[-116.30047200038294,43.677889000184834],[-116.29930900009361,43.677481999965948],[-116.29859100004325,43.677200999809742],[-116.2942109997708,43.675488000154992],[-116.29419300022745,43.67548100009401],[-116.28992900030599,43.67378700031054],[-116.28905999974455,43.673446000183638],[-116.28763799988745,43.672889000185762],[-116.28738400034254,43.67279000025048],[-116.28545799979698,43.672033999789498],[-116.28461599989802,43.671703999866772],[-116.28413300002424,43.67149500001684],[-116.28406100005421,43.671640999864266],[-116.28359800027197,43.67143199979494],[-116.28332399973726,43.671285000102962],[-116.28335700024753,43.671248999951132],[-116.28324000007169,43.671187000108269],[-116.28315499968288,43.671140000027499],[-116.28313999961422,43.67113100013227],[-116.28309299975859,43.671104999777555],[-116.2830380004053,43.671071000146434],[-116.28305799959848,43.670993000270109],[-116.28311600022312,43.670926000203735],[-116.28184699962858,43.670107999996247],[-116.28163300026667,43.669970999738943],[-116.28115899971543,43.669665999845456],[-116.28107599987473,43.669754000261413],[-116.28107500004984,43.669847999957732],[-116.28107400022492,43.670210999822473],[-116.28090099997253,43.670103999974209],[-116.28078600034482,43.670033000188226],[-116.28066999999386,43.669962000318208],[-116.28055500036615,43.669890999714454],[-116.2804259995964,43.669811000233118],[-116.28053000025177,43.669723999912598],[-116.28068300041265,43.669594000177071],[-116.28074399961373,43.669545000118703],[-116.28083900004827,43.669459000078746],[-116.28078299997176,43.669423000131168],[-116.28035600017452,43.669148000054008],[-116.28015600015799,43.669018999744317],[-116.27919799990806,43.668403000225275],[-116.27904200027245,43.668303000002261],[-116.27656799955579,43.666711000265728],[-116.27563299977042,43.666101000237752],[-116.27392300003324,43.66498699975137],[-116.27203099982286,43.663757000235805],[-116.27081499983009,43.662969999770013],[-116.27038200018505,43.662722000249182],[-116.26878000040288,43.661829999844919],[-116.26846499986031,43.661639000097388],[-116.26790800036669,43.661304000100273],[-116.26771400019794,43.661186999730681],[-116.26482100007995,43.659451999734678],[-116.26438599988678,43.659191999682093],[-116.26366799983636,43.658769000185174],[-116.26320500005409,43.658498000187322],[-116.26247899960778,43.658075999906572],[-116.26175700025772,43.657655999685474],[-116.26086099993211,43.657135999798001],[-116.26028500017193,43.656801000022632],[-116.25924200043151,43.65619299986038],[-116.25848199965,43.655749999693221],[-116.25842300009879,43.655712999727967],[-116.25776799979757,43.655302999799183],[-116.25679700002721,43.654700999691322],[-116.2568549997535,43.654644999933751],[-116.25689800030952,43.654599999777361],[-116.25722700019749,43.654258999835982],[-116.2571440003568,43.654207999718317],[-116.25765900001761,43.653520000206221],[-116.25771599991903,43.653444000188593],[-116.25782899989693,43.65329300015037],[-116.25798399970765,43.653085999821009],[-116.25814000024157,43.652879000078102],[-116.25821700023447,43.652775000116939],[-116.25826800028807,43.652713000041885],[-116.25834600010589,43.652602999960948],[-116.25843300014451,43.65248800013358],[-116.25861600044263,43.652242999823557],[-116.25890900034557,43.651967000033402],[-116.25900600042996,43.651877000223188],[-116.2591710002864,43.651722000197857],[-116.25942800020437,43.651478999994531],[-116.25948599993066,43.651424000149071],[-116.25967699972638,43.651350000064845],[-116.25987300044326,43.651273000231711],[-116.26005699966797,43.651202000272782],[-116.26023699959303,43.651131000229924],[-116.26040900002049,43.651068000085019],[-116.26087600000071,43.65080200011667],[-116.26118099959926,43.651149000166335],[-116.26171799989969,43.651820999782139],[-116.26308000038061,43.65188799972335],[-116.26314999980251,43.651635000310279],[-116.26315300017556,43.651287000149608],[-116.26315599965029,43.651014999860308],[-116.26312800006122,43.650990000216353],[-116.26311399981751,43.650976999903442],[-116.2630999995738,43.650950999919083],[-116.26308100020553,43.650928999923529],[-116.26286199992244,43.650731999929242],[-116.262805000021,43.650675999720491],[-116.2627899999524,43.650662000310177],[-116.26270499956358,43.650579000210413],[-116.2625430000802,43.650399999878985],[-116.26251999961568,43.650374000294839],[-116.26235599958413,43.650219000290456],[-116.26231399975134,43.650178000117542],[-116.26221699966696,43.650080999803187],[-116.2621489998949,43.650000000231458],[-116.26212299995564,43.64994100026599],[-116.26209199999349,43.649912999799383],[-116.26204099993987,43.649825000197929],[-116.26195999974902,43.649683000022605],[-116.26188600012918,43.649550000043703],[-116.26187400043359,43.649528999883259],[-116.26182300037999,43.649149000230736],[-116.26181199961101,43.649068000052075],[-116.26178599967172,43.64869799980503],[-116.26177899999904,43.648606999932653],[-116.2617270001205,43.648369999732118],[-116.261671000044,43.648097000160554],[-116.26164500010474,43.647968999841304],[-116.26134899982871,43.647622999999903],[-116.26089500026728,43.647238000007306],[-116.26074499958115,43.647106000203216],[-116.26037200021057,43.646785999789401],[-116.26018100041485,43.646696999761339],[-116.26003400010175,43.646626000243238],[-116.25986900024532,43.646562999923113],[-116.25973500035101,43.646518999959561],[-116.25963300024375,43.646505000230363],[-116.25952699993856,43.646490000098929],[-116.25943999989993,43.646459999824906],[-116.25932100007422,43.646418999686212],[-116.25923200038575,43.646388000276197],[-116.25853600007667,43.646381000071671],[-116.2583250001895,43.646313000085698],[-116.25821800005936,43.64627800031144],[-116.2579889997305,43.64620399973721],[-116.2576359995531,43.646089000007983],[-116.25751599990249,43.646049000022288],[-116.25732900030474,43.64601199993055],[-116.25711599986941,43.645960999960025],[-116.25708200043253,43.645952999947966],[-116.25698000032529,43.645934999754417],[-116.25687700039313,43.645917000205522],[-116.25678799980633,43.645901999927297],[-116.25670300031585,43.645888000054256],[-116.25647800018494,43.645742999737955],[-116.2560749997788,43.645481999716708],[-116.25553800037672,43.645169999869488],[-116.25542700004863,43.645106000200528],[-116.25541500035305,43.645098999846645],[-116.25522799985698,43.644992999867036],[-116.25521799981124,43.644983000178186],[-116.25520899959039,43.644974000261762],[-116.25516799958253,43.644949000053558],[-116.25510599965826,43.64491499990973],[-116.25506399982544,43.644876999993834],[-116.25501699996978,43.644856000149773],[-116.25496900028919,43.644832000318964],[-116.25494300034995,43.644818000196544],[-116.25492300025849,43.644812000235945],[-116.25485499958809,43.644777000237191],[-116.25481799977815,43.644754000152624],[-116.25479799968669,43.644745999979818],[-116.25477900031842,43.64473900023399],[-116.25475900022694,43.64472800007465],[-116.25472499989176,43.644710000164082],[-116.25468800008181,43.644696999791982],[-116.25461100008893,43.644646999784676],[-116.25459500019541,43.644639000247679],[-116.25454699961651,43.644621000310458],[-116.2545039999588,43.644598000166162],[-116.25448899989021,43.644592000183586],[-116.25447399982158,43.644586000200412],[-116.25442000029321,43.644559000268714],[-116.25440100002663,43.644548000076398],[-116.25438099993515,43.644536999882071],[-116.25428600039891,43.644500999941108],[-116.25419000013946,43.644468999758772],[-116.25409600042813,43.644426999778055],[-116.25407499961342,43.644419999995065],[-116.25405399969701,43.644413999994718],[-116.25400799966626,43.644402999775863],[-116.25394400009215,43.644383000200079],[-116.25386399972619,43.644353999958319],[-116.25384100015998,43.644347999951371],[-116.25364799981615,43.644293000076544],[-116.25360699980826,43.64428199983552],[-116.25352499979252,43.644256000203328],[-116.25345700002043,43.644242999732917],[-116.25343799975386,43.644238999937656],[-116.25341900038561,43.644235000142132],[-116.25331800010326,43.644210000276445],[-116.25328200011823,43.644199999807192],[-116.25326799987455,43.644196999796129],[-116.25323899956223,43.644192999997806],[-116.25322299966871,43.644186999974792],[-116.2531930004298,43.644175999714356],[-116.25314900004885,43.644158000288421],[-116.25311499971367,43.644147999810563],[-116.25308600029966,43.644138999769034],[-116.25307000040614,43.6441310001644],[-116.25305399961429,43.64412500013519],[-116.25303900044401,43.644122000120376],[-116.25301900035252,43.64411900010537],[-116.25300099991084,43.644115000301852],[-116.25298300036751,43.644110999847996],[-116.25294800020743,43.644101999800988],[-116.25290800002445,43.64409199996382],[-116.25286799984147,43.644080999685997],[-116.25283500022951,43.644072000284503],[-116.25279300039672,43.644057999984966],[-116.25274599964273,43.644042999892598],[-116.25270200016011,43.64403000002617],[-116.25265500030446,43.644017000156971],[-116.25260500007573,43.644002000054378],[-116.25258099978629,43.643995000221864],[-116.25253700030368,43.643980000113778],[-116.25247600020431,43.643956999724061],[-116.25243500019641,43.643936000208413],[-116.25239400018853,43.643915999827087],[-116.25235300018066,43.643898000323297],[-116.25233200026425,43.643889000244371],[-116.25230999962464,43.643880000164046],[-116.25228899970824,43.643871000082413],[-116.25226899961675,43.643864000234693],[-116.25224699987545,43.64385500015063],[-116.25222299958602,43.643843999829407],[-116.25219599982181,43.643830999919913],[-116.25216800023273,43.643817000214277],[-116.25214399994329,43.643804000298992],[-116.25212300002688,43.643792000174642],[-116.25210499958523,43.643780000047897],[-116.25209000041494,43.643767999918758],[-116.25207500034631,43.643758000025997],[-116.2520469998589,43.643736999790761],[-116.2520109998739,43.643713000162982],[-116.25197700043704,43.643688999875536],[-116.25193600042914,43.643657999706768],[-116.25190399974376,43.643634999843798],[-116.25186699993384,43.643612999768834],[-116.25182900029903,43.643596999768334],[-116.25178900011605,43.643586000049901],[-116.25174999975799,43.643573000084622],[-116.25171799997094,43.643561999711714],[-116.25167699996307,43.643553000232522],[-116.25163799960498,43.643550999986921],[-116.25161900023672,43.64355199978467],[-116.25155599958921,43.643547999943394],[-116.25151399975643,43.64349999987715],[-116.25125299964051,43.643204000246421],[-116.25106100001992,43.642987000227521],[-116.25104599995129,43.642968999795301],[-116.25077599961455,43.642646000007197],[-116.25030399961143,43.642083000024819],[-116.250250999908,43.642014999724132],[-116.24943099975034,43.641029999881297],[-116.2493360002141,43.640922000189882],[-116.24929500020623,43.640865999936416],[-116.24928599998539,43.640854999717938],[-116.24924499997752,43.64080600025698],[-116.24852799975201,43.64048500023911],[-116.24830299962113,43.640735000277232],[-116.24829299957537,43.640746999711993],[-116.24802099958882,43.640731000248408],[-116.24783999983886,43.640711999945296],[-116.2476189999059,43.640686999913719],[-116.24738200007944,43.640652999958121],[-116.24729300039098,43.640636999819392],[-116.2471179995905,43.640596000257005],[-116.24666200037922,43.640498000222543],[-116.24630400017894,43.640418999779889],[-116.24606099960639,43.640365999910166],[-116.24561700009068,43.640233000104935],[-116.24554500012067,43.640195999681502],[-116.24537000021847,43.640104999931225],[-116.24520100016406,43.640017000263072],[-116.24502999956152,43.639910999767743],[-116.24479899958286,43.639770000070136],[-116.24464200012231,43.63964700017435],[-116.24447600044098,43.63951700032267],[-116.24446100037235,43.639500000016191],[-116.24443799990783,43.639466000038944],[-116.24432900012789,43.639281999751901],[-116.24424799993704,43.639159000157292],[-116.24421899962471,43.639079999904347],[-116.24400400043787,43.638632000233081],[-116.24378799962949,43.63831100030238],[-116.24375199964449,43.638269999802944],[-116.24370099959086,43.638239000088539],[-116.2435139999931,43.63805300016616],[-116.24339199979435,43.637958000207362],[-116.24334199956564,43.637918999900236],[-116.24319799962561,43.63777499974703],[-116.24312499983067,43.63770699977146],[-116.24305399968557,43.63764000026525],[-116.24289499967692,43.637505999728397],[-116.2427659998055,43.637372000192975],[-116.24263699993404,43.63727900026209],[-116.24253599965171,43.637248999939096],[-116.24236499994748,43.637217999697988],[-116.24217900017466,43.637249999841764],[-116.24215700043334,43.63724000016434],[-116.24213999981657,43.637230999738136],[-116.24196900011236,43.637126000083619],[-116.24170899982137,43.636959000162207],[-116.24052200014091,43.636205000173547],[-116.24043699975209,43.63615999985435],[-116.24024099993352,43.63605500027878],[-116.23997599961963,43.635913000059439],[-116.23967400039416,43.635763000085937],[-116.23960400007397,43.635720999870202],[-116.23945400028614,43.635629999843921],[-116.23929100007953,43.635505999993462],[-116.23907099997149,43.635338000186437],[-116.23893700007719,43.635228000143464],[-116.23881200040373,43.635060000209386],[-116.23960099970094,43.635500999684801],[-116.23974600036419,43.635581999953146],[-116.24066799973079,43.636097000261067],[-116.2418939997693,43.636806999729089],[-116.24216800030401,43.636965000257007],[-116.24274300023926,43.636499999914491],[-116.24293499985987,43.636344999867546],[-116.24308100034807,43.636226999710523],[-116.24238500003899,43.636075000026331],[-116.242196999718,43.636089000235764],[-116.24204600010526,43.636133000036729],[-116.24190299999012,43.636173000123399],[-116.24177400011868,43.63617799972603],[-116.24161799958478,43.636138000292831],[-116.24152399987345,43.636080000287272],[-116.24151499965261,43.636031000182854],[-116.24151499965261,43.635999999963524],[-116.24152399987345,43.635905999934621],[-116.24143000016211,43.635686999705058],[-116.24145699992627,43.635549000290439],[-116.24146600014713,43.635464000248255],[-116.24145299972834,43.635334999732841],[-116.241395000002,43.635237000219554],[-116.24131399981115,43.635129999805557],[-116.24123000014556,43.63505399992443],[-116.24114899995472,43.63497400018521],[-116.24106899958879,43.634870999722125],[-116.24102000008328,43.634786999964916],[-116.24097099967949,43.634692999989014],[-116.24095300013613,43.634612999769253],[-116.240958000159,43.63456399976895],[-116.24093100039484,43.634497000009056],[-116.24088600018899,43.634407999979587],[-116.24085500022683,43.634367000067805],[-116.24081500004388,43.634287000064177],[-116.24054800008017,43.633865000005429],[-116.24046299969135,43.633706999778717],[-116.24043400027735,43.633654999802523],[-116.24042500005653,43.633647000102307],[-116.2404099999879,43.633630000085539],[-116.24039900011726,43.633614999990293],[-116.24038800024661,43.633603999744686],[-116.24036800015513,43.633583999824914],[-116.24036099958411,43.633575000151438],[-116.24035499973634,43.633566999790382],[-116.24033700019298,43.63354899978679],[-116.24032700014726,43.633541000072405],[-116.24031899975131,43.633531999742303],[-116.24030000038304,43.633511999798571],[-116.24027500026871,43.633486000056855],[-116.24003900026713,43.633110000233415],[-116.23986099999192,43.632676999946625],[-116.23973100029559,43.632409999829044],[-116.23958900000537,43.632181999980446],[-116.23948699989812,43.631995000174754],[-116.23929399955423,43.631754000130279],[-116.23894200010005,43.631343999852092],[-116.23840700034775,43.630934000027906],[-116.23810799969871,43.630751000283567],[-116.23744800027295,43.630337000244701],[-116.23687599981241,43.630054999801068],[-116.23654500027462,43.629918999856635],[-116.23652799965788,43.62990700021011],[-116.2361350001958,43.629710000197925],[-116.23596699996631,43.629579000274703],[-116.23584200029283,43.629477999731947],[-116.23582399985118,43.629462999900802],[-116.23574900040643,43.629402999888597],[-116.23563700025342,43.629296000140862],[-116.23562100035991,43.629280000229059],[-116.23548200044273,43.629146999943913],[-116.23546499982596,43.629128999916958],[-116.23541100029762,43.6290530002493],[-116.23500600024167,43.628489000295019],[-116.23487700037023,43.628308999762794],[-116.23480200002714,43.628205000177708],[-116.23476699986706,43.628157000208489],[-116.23470099974483,43.62761000007346],[-116.23471599981343,43.627474999863892],[-116.23472300038443,43.627406999937314],[-116.23473500008001,43.62730300009202],[-116.2347900003316,43.626790000004341],[-116.23482700014149,43.626660000298301],[-116.2348670003245,43.626515999825514],[-116.23500299986861,43.626033000258978],[-116.2350089997164,43.626010000151837],[-116.23500600024167,43.625990999745717],[-116.23496799970853,43.625763000256107],[-116.23500399969353,43.625547999868132],[-116.2350370002038,43.625357999928674],[-116.23504800007446,43.625309000185673],[-116.23507400001373,43.625187000054922],[-116.23513199974006,43.62499999994418],[-116.23506899999086,43.624486999710129],[-116.2350449997014,43.623928999926719],[-116.23503399983075,43.623869999717925],[-116.23479399963122,43.623112000129062],[-116.23450599975115,43.622481999704327],[-116.23418299971097,43.622008999852305],[-116.23414099987818,43.621945999731416],[-116.23330800020004,43.621163999764775],[-116.23323399968187,43.62123100008133],[-116.23307100037357,43.6210940001599],[-116.23304299988618,43.621068000248712],[-116.2330439997111,43.621090000124248],[-116.2330439997111,43.621114999854818],[-116.23299600003051,43.621083000223869],[-116.23260100002031,43.620918999815672],[-116.23201900041234,43.620678000232168],[-116.23145699999753,43.620433999785661],[-116.2315030000283,43.620415999750833],[-116.23139400024834,43.620326999680017],[-116.231629000425,43.620236999942051],[-116.23197300038157,43.620103999808059],[-116.23226700010946,43.619937000059295],[-116.23279699983887,43.619705000242121],[-116.23286399978603,43.619675999795589],[-116.23326700019217,43.619512000101757],[-116.23380299976937,43.619292999963704],[-116.23412099978668,43.619162000099742],[-116.23422200006902,43.619125999913365],[-116.23433400022201,43.619090999910235],[-116.23443499960604,43.619061000262903],[-116.23461600025435,43.619017999875247],[-116.23482499959336,43.618982999809248],[-116.23500500041675,43.618963000226891],[-116.23525999978658,43.618938000251859],[-116.23559500042063,43.618941000223394],[-116.23570300037566,43.618945999958839],[-116.23664700038186,43.618998000304536],[-116.23698299994254,43.619016000113589],[-116.2375169998699,43.619229000045991],[-116.23761499977923,43.619255000102058],[-116.2377550004196,43.619360999964293],[-116.23780499975003,43.619392999861411],[-116.23788599994087,43.619431000286177],[-116.23799600044404,43.619482000014187],[-116.23838499970815,43.619646999985356],[-116.23858499972469,43.61973899969388],[-116.23877200022075,43.619830999911919],[-116.23920999988866,43.62009999970654],[-116.23932600023961,43.620163999997835],[-116.23968799973956,43.620347000109255],[-116.23989699997692,43.62044799973679],[-116.23992399974112,43.620461000152986],[-116.24020199957546,43.620573000270689],[-116.24042599988145,43.620649999783446],[-116.24088700001391,43.620774999897364],[-116.24108399965738,43.620832999716249],[-116.24149499956114,43.620944000267663],[-116.241759999875,43.62101500021992],[-116.24196800028746,43.621065999904921],[-116.24216400010603,43.621109000128527],[-116.24236199957444,43.621139000054583],[-116.24256699961384,43.621162000074442],[-116.24280599998845,43.621174000166171],[-116.24300900037804,43.621189000114832],[-116.24319400032597,43.621214999973695],[-116.24333400006806,43.621247000184653],[-116.24339799964214,43.621260999946472],[-116.24344500039612,43.621271999849938],[-116.24372099968232,43.62134400023249],[-116.24408399990551,43.621457999686378],[-116.24453199961914,43.621592999752721],[-116.24481700002451,43.621707000035087],[-116.24490800026112,43.621749000289981],[-116.24498400042907,43.62179300018488],[-116.24503299993461,43.621835999888518],[-116.24507399994245,43.621886000019416],[-116.24524700019484,43.622189999894296],[-116.24531599979179,43.622291999828754],[-116.24537199986828,43.622364999790356],[-116.24546300010488,43.622469999873672],[-116.24561299989273,43.622667000204075],[-116.24584200022156,43.622969999891254],[-116.24604999973573,43.623214999935975],[-116.24621200011742,43.623391000233056],[-116.24648099973095,43.623666999956946],[-116.24696199995488,43.624111000161889],[-116.24754600011097,43.624650000027039],[-116.24792199985461,43.624985999752496],[-116.24793199990037,43.624993999955315],[-116.24797899975603,43.625034999758768],[-116.24803300018269,43.625079999954934],[-116.24809099990901,43.625127999780247],[-116.24811500019847,43.625145999704856],[-116.24833899960613,43.625335000213532],[-116.24846099980488,43.625427999770885],[-116.2486459997528,43.625553999801653],[-116.24881300015736,43.6256670002807],[-116.24898800005955,43.625796000090268],[-116.2492020003198,43.625946000231515],[-116.24941599968174,43.626060000062509],[-116.25015800002156,43.626416000070961],[-116.25059800023764,43.626660000298301],[-116.25069299977386,43.62671299990226],[-116.2509139997068,43.626845000295496],[-116.25112999961686,43.626984000263292],[-116.25131000044024,43.627117000132685],[-116.25177599969726,43.627431000226181],[-116.25199599980527,43.627570000139329],[-116.25226500031711,43.627729000305408],[-116.25239800038651,43.627796999867712],[-116.25283600005442,43.628021999926972],[-116.25293899998658,43.628087000293029],[-116.25304100009384,43.628166000043109],[-116.25311899991164,43.628233999761285],[-116.25325899965372,43.628356000210275],[-116.25338400022551,43.628470000022261],[-116.25350999972387,43.628608000087219],[-116.25355699957957,43.628654000255153],[-116.25358800044002,43.628685999757572],[-116.25392900002355,43.629157999704866],[-116.25401799971199,43.629268999840214],[-116.25413200041314,43.629398999755622],[-116.25426299993438,43.629525999946651],[-116.25438900033107,43.629629999846912],[-116.25474400015831,43.62986599982839],[-116.25484999956521,43.629942999792654],[-116.25489399994613,43.629973999885536],[-116.25504399973397,43.630090999945182],[-116.25516500010779,43.630202000308095],[-116.2552560003444,43.630298000193037],[-116.25532800031441,43.630389999857613],[-116.25539199988852,43.630495000228542],[-116.2554529999879,43.63061099991107],[-116.25562000039245,43.631006999898389],[-116.25567999976859,43.63112699991138],[-116.25605800006038,43.63177699999008],[-116.2562909996889,43.63220099972996],[-116.25644200019994,43.632499000216789],[-116.25659000033795,43.632757000142988],[-116.25667700037658,43.6328789998635],[-116.2567769999357,43.633046000070671],[-116.25686499979923,43.633155000235917],[-116.2570720003868,43.633380999709985],[-116.2571640004483,43.633499000254211],[-116.25717399959572,43.633510999833753],[-116.25728499992381,43.633651999915088],[-116.25740399974951,43.633802999916611],[-116.2575090002298,43.633938000216766],[-116.25765800019271,43.634136999932863],[-116.25769099980467,43.634189000142165],[-116.25817600022657,43.634831000069099],[-116.2582759997857,43.634925999770445],[-116.25887199963735,43.635396000258069],[-116.25904099969173,43.635524000061039],[-116.25929699978478,43.635736000089935],[-116.2594519995955,43.635841000222904],[-116.25953899963412,43.63588799998147],[-116.25970900041176,43.635956000065129],[-116.25987400026818,43.635991999925253],[-116.26004900017038,43.636019999729378],[-116.26034000042351,43.636050000015814],[-116.26112399969783,43.636099000104693],[-116.26131000036901,43.636119999759018],[-116.26177300015128,43.636199000002904],[-116.26213200017646,43.636280999899284],[-116.26235200028449,43.636348000270701],[-116.26273899989877,43.636515999854595],[-116.26286899959511,43.636567000041715],[-116.26304100002258,43.636619000098683],[-116.26354399998782,43.636736000224808],[-116.26424299977164,43.636918999948648],[-116.26484600019431,43.637092000063255],[-116.26498900030946,43.637145000220457],[-116.26527200016666,43.63727699980759],[-116.26557599994028,43.63744900029242],[-116.26583399968312,43.637630000002638],[-116.26588200026202,43.63766999974289],[-116.26594400018631,43.637736999865787],[-116.26597000012558,43.637776000291097],[-116.26599699988977,43.637828999844935],[-116.26601699998125,43.637883999786375],[-116.26603200004985,43.637987000285982],[-116.26603500042293,43.63811399988262],[-116.26602200000411,43.63826100018111],[-116.26599400041503,43.63846099976648],[-116.26597699979827,43.638751000095695],[-116.26598600001911,43.63893199978456],[-116.26599600006485,43.639000000324124],[-116.26614199965469,43.6395860000639],[-116.26627100042447,43.640211000084342],[-116.26635300044022,43.64051500024663],[-116.2664000002959,43.640656000146159],[-116.26643200008293,43.640732999937796],[-116.26652599979425,43.640898000087638],[-116.26657500019807,43.640968000034036],[-116.26671800031322,43.641141000192455],[-116.26690300026112,43.641336999954184],[-116.26718899959309,43.641619000114758],[-116.26739799983045,43.641816000094018],[-116.26743299999056,43.641847999739255],[-116.26752599987698,43.641924999953439],[-116.26754799961827,43.641943999872929],[-116.26767099964194,43.642034000265191],[-116.26772000004573,43.642064000149297],[-116.26780999955911,43.642102999716208],[-116.26788900010011,43.642141000086632],[-116.26809300031465,43.642222999674978],[-116.26822399983588,43.642289999921523],[-116.26832599994312,43.64235600027564],[-116.26839299989028,43.642417000174049],[-116.2684630002105,43.642481000107423],[-116.26865400000619,43.642671999686101],[-116.2687729998319,43.642771999696407],[-116.26882499971042,43.642808000023422],[-116.26894199988627,43.642858000261228],[-116.26902499972697,43.642880999771549],[-116.26908900019936,43.642893999886617],[-116.26948599985941,43.642951000007784],[-116.26989900031128,43.64299299972032],[-116.27024400009279,43.643029999721371],[-116.27045300033015,43.643079999774429],[-116.27085900021102,43.643212999777944],[-116.27106599990024,43.643280000220507],[-116.27114999956582,43.643301999767374],[-116.27134000043498,43.643336999975467],[-116.27156499966755,43.643372000163133],[-116.27189500027872,43.643414000231417],[-116.27221800031893,43.643469000260936],[-116.2724069995665,43.643521999993531],[-116.27260900013117,43.643589000091517],[-116.27263500007047,43.643598000215391],[-116.27291999957748,43.64367999976529],[-116.27307899958615,43.643717999788301],[-116.27334999974778,43.643763000297646],[-116.27351100030458,43.643776000221806],[-116.27362299955927,43.643782000285881],[-116.27425899959393,43.643820000244368],[-116.27441699977764,43.643809999710193],[-116.27447500040228,43.643801000268098],[-116.27461799961911,43.64376100005903],[-116.27477400015303,43.643711999717837],[-116.27491399989511,43.643681000210968],[-116.27499500008595,43.643672999895266],[-116.27506299985804,43.643672000099528],[-116.27512399995737,43.643675999932547],[-116.27518900025473,43.643685000043384],[-116.27526700007252,43.643703000261063],[-116.27548499963241,43.643780000047897],[-116.27581000022074,43.643921000085584],[-116.2758779999928,43.643946000071537],[-116.27596800040449,43.643971000047088],[-116.27613400008585,43.644004000284966],[-116.27693199960387,43.644120999681995],[-116.27739399956123,43.644178999726464],[-116.27761100019454,43.644210000276445],[-116.27767499976865,43.644220999880623],[-116.27789200040192,43.644245999741742],[-116.27790300027259,43.644287999849055],[-116.2780589999082,43.644891000102504],[-116.27813300042634,43.645163999944046],[-116.27801899972519,43.646014999851019],[-116.27801299987743,43.646208999805268],[-116.27805999973309,43.646402999783014],[-116.27827599964316,43.646472000066346],[-116.27874599999643,43.646598999928443],[-116.27937100016042,43.646769000239757],[-116.28012900039377,43.647086999966241],[-116.28073199991816,43.647323000293902],[-116.28081499975882,43.647399999990881],[-116.28105999998121,43.647709999848878],[-116.281173999784,43.647807000092314],[-116.28132899959472,43.647866000203976],[-116.28194700008601,43.64803899999891],[-116.28223099976813,43.648148000267639],[-116.28275100035015,43.64843700027307],[-116.28354100037058,43.648751999835561],[-116.28384599996909,43.648876000299744],[-116.28434599956127,43.649052000204513],[-116.28442599992721,43.649081000128227],[-116.28472300002814,43.649244000044256],[-116.28573099960846,43.65006199985725],[-116.28606500041759,43.650304999943884],[-116.28664500037574,43.650794000099403],[-116.28694699960121,43.651072999748131],[-116.28718199977786,43.651291000125568],[-116.28723299983147,43.651350999732784],[-116.28702000029446,43.651445000296945],[-116.28736500007598,43.6518549999169],[-116.28760699992532,43.651932000303781],[-116.28770800020764,43.652050999821185],[-116.28790599967604,43.652283000234235],[-116.28807200025572,43.652401000055683],[-116.28812400013425,43.652341999848964],[-116.28848200033454,43.652591999941762],[-116.28879399960577,43.652810000005211],[-116.28884100035972,43.652826999795046],[-116.2888890000403,43.652844000229997],[-116.28894000009394,43.652862000302981],[-116.28920000038494,43.65295500016078],[-116.28919899966169,43.652989999944189],[-116.28926200030919,43.652989999944189],[-116.28942100031787,43.652986000081391],[-116.28979500041169,43.653202000090332],[-116.29016500030755,43.65341600005523],[-116.29025599964582,43.653414999771684],[-116.29045800021049,43.653412999854474],[-116.29062999973964,43.653410999937194],[-116.29092699984055,43.653407000102433],[-116.290943999559,43.653410000303488],[-116.29096100017574,43.653412000220797],[-116.29105599971199,43.653423999723273],[-116.291175000436,43.653439000072886],[-116.29145900011812,43.653474999856783],[-116.29186099980102,43.653527000228664],[-116.29224400011566,43.653575999712992],[-116.29257899985141,43.653619000076453],[-116.292710000271,43.653643999925947],[-116.2932380003506,43.653743000241668],[-116.29382499998142,43.653853000184419],[-116.29392500043886,43.653870999954975],[-116.29409699996798,43.653902999678188],[-116.29423699971009,43.653928999684446],[-116.29423000003737,43.653350999788103],[-116.29422599983943,43.653033000077258],[-116.29422199964145,43.652731999799137],[-116.29422099981653,43.652669999679688],[-116.29443900027474,43.652674000213509],[-116.2945549997274,43.652663999853473],[-116.29464299959093,43.652636000006368],[-116.29475899994189,43.652580000273041],[-116.29503799960115,43.652819999691012],[-116.29624000024852,43.653548000291138],[-116.29788300003857,43.654515000039851],[-116.29888099957314,43.65505199968667],[-116.29920799981127,43.65532899984926],[-116.29948800019376,43.655300999944849],[-116.29959000030101,43.655292000274549],[-116.30016900043424,43.65543199968706],[-116.30065399995782,43.655617000151025],[-116.30088199956344,43.655757999700313],[-116.30104099957211,43.655813999719804],[-116.30122700024329,43.65590299988714],[-116.30184200036152,43.65612600017247],[-116.30197000040802,43.656172000072949],[-116.3026020002447,43.656261999945812],[-116.30308599994336,43.656313000268817],[-116.30327500008924,43.656291999873417],[-116.30337299999854,43.656247000301306],[-116.30343599974773,43.65617699996109],[-116.30336399977773,43.655800999801194],[-116.30336100030298,43.655784999797461],[-116.30342900007504,43.655784999797461],[-116.30365000000799,43.655782999959179],[-116.30378200025247,43.656074999690638],[-116.30403300032262,43.656105999950455],[-116.30415799999611,43.656134000129462],[-116.3042480004078,43.656153999692208],[-116.30449399955675,43.656209999992392],[-116.30459300018927,43.656233000239787],[-116.30475800004572,43.656269999884636],[-116.30489299976495,43.65631200003353],[-116.30502699965925,43.656352999918404],[-116.3053050003919,43.65649499992157],[-116.30563299955664,43.656662000131789],[-116.30571700012055,43.656705999814122],[-116.30590200006847,43.656842999800119],[-116.30616300018438,43.657036000303222],[-116.30631499962202,43.657149000077574],[-116.30643099997297,43.65721100012216],[-116.30670799998242,43.657360000271638],[-116.30683000018117,43.657426000315667],[-116.30708399972605,43.657513999828197],[-116.30739300042086,43.657619000244765],[-116.30772200030881,43.657729999798384],[-116.30804699999885,43.657840999796747],[-116.30825299986316,43.657909999938191],[-116.30834900012262,43.657974999819984],[-116.30872900006422,43.658230000226418],[-116.30912099970138,43.65833300028747],[-116.30912200042462,43.658630999847503],[-116.30912200042462,43.658709999735827],[-116.30911999987646,43.658806999760913],[-116.30911999987646,43.658840999839832],[-116.30911999987646,43.658880000212484],[-116.30911800022665,43.658951999734036],[-116.3092629999916,43.658989000303087],[-116.30955500006965,43.659064999802006],[-116.31048700038031,43.659307000319117],[-116.310642000191,43.65931600003757],[-116.31078199993308,43.65933800021012],[-116.31107700038419,43.659373999707114],[-116.31283700035007,43.659876999970798],[-116.31376600028767,43.660130999926558],[-116.31465099984432,43.660378000234616],[-116.31517399990106,43.660546000208221],[-116.31551799985766,43.660610000322066],[-116.3156059997212,43.660625999690019],[-116.31619800027322,43.660725999704717],[-116.31668899964457,43.660811999909072],[-116.3169220001714,43.660878000057913],[-116.31715099960195,43.660895000163244],[-116.31721099987639,43.660904000293556],[-116.31729600026522,43.660917999915846],[-116.31738999997654,43.660932000184808],[-116.31753100044186,43.660953999765269],[-116.31757599974939,43.660961000220851],[-116.31764500024467,43.660970999849077],[-116.31771999968943,43.660974999829904],[-116.31777800031406,43.660974000322113],[-116.31797900015553,43.660998000201744],[-116.31809999963104,43.661031000183002],[-116.31819099986762,43.661055000039795],[-116.3183039998455,43.661086999833977],[-116.31844799978556,43.661115000289762],[-116.31858000003005,43.661133999988131],[-116.3187109995513,43.661148999711557],[-116.31882699990226,43.661158999958353],[-116.3188870001767,43.661161000267484],[-116.31890899991802,43.661161999772155],[-116.31895800032181,43.661164000081129],[-116.31903000029185,43.661165000235641],[-116.31908100034545,43.661160000112957],[-116.31921900043773,43.661119000260939],[-116.31926399974526,43.661507000100556],[-116.31931300014908,43.662886999785009],[-116.31917599988172,43.662918999902416],[-116.31914800029264,43.662933999829747],[-116.31912499982809,43.662941000054509],[-116.31821299960892,43.662955999976347],[-116.31645900038913,43.662958999700315],[-116.31524199967312,43.662968000171027],[-116.31505400025046,43.662964000322987],[-116.31419999975762,43.662970999894391],[-116.31416200012281,43.662970999894391],[-116.3141629999477,43.662996999873492],[-116.31415299990196,43.663068000183941],[-116.31414399968112,43.663315000106415],[-116.31414000038149,43.663613000283483],[-116.31414600022926,43.663780000191693],[-116.31415299990196,43.663805999820426],[-116.31416499959754,43.663822000286181],[-116.31418999971189,43.663840000317698],[-116.31418499968902,43.663947000285205],[-116.31417800001631,43.664092000191957],[-116.31417200016854,43.664224999807423],[-116.31416899979548,43.664299999724484],[-116.31416499959754,43.66439199996266],[-116.3141629999477,43.664427999678452],[-116.31415700009991,43.664551000169084],[-116.31416600032075,43.665042000171269],[-116.31413299981045,43.665089999917619],[-116.31411400044222,43.665116999717448],[-116.31407699973398,43.66517300010598],[-116.31410100002343,43.665220000310477],[-116.31411600009204,43.665316000129977],[-116.31413299981045,43.665790999786772],[-116.31414200003132,43.666362999747946],[-116.31412399958964,43.666540999868957],[-116.31412500031288,43.666591999908597],[-116.31411500026712,43.666682999820672],[-116.31409699982545,43.666761000099662],[-116.31410600004629,43.667075999720289],[-116.31410600004629,43.667374000071852],[-116.31410199984833,43.667778999878784],[-116.31409099997767,43.669380000039162],[-116.31408400030499,43.670802999780577],[-116.31408400030499,43.670914000300343],[-116.31408199975685,43.670975999775436],[-116.31408199975685,43.671037999836258],[-116.31410699987121,43.671173000281598],[-116.31438999972842,43.671209999816405],[-116.31493299987665,43.671278000201447],[-116.3155770003072,43.671483000227205],[-116.31614200019671,43.671748000221243],[-116.3168450001785,43.672126999841666],[-116.31718199956407,43.672291000197319],[-116.31765299974226,43.672515000006499],[-116.31821799963178,43.672601000215849],[-116.31872899999296,43.672646999839081],[-116.31919000012543,43.672696999926245],[-116.31964200003705,43.672764999925974],[-116.32001199993289,43.672775000186974],[-116.32086899990045,43.67249200014875],[-116.3216680001417,43.672171999857092],[-116.32211500003046,43.671961999713062],[-116.32230599982616,43.671974000056693],[-116.32228900010774,43.671782000118604],[-116.32230199962821,43.671779000185765],[-116.32229800032856,43.671758999979893],[-116.32225999979542,43.671362000264971],[-116.32223300003123,43.67134599985971],[-116.32225399994763,43.671293999975106],[-116.32228900010774,43.671296999932181],[-116.32233400031359,43.671248999951132],[-116.32240700010851,43.671196999982435],[-116.32245899998703,43.671087999964428],[-116.3224410004437,43.670939000096411],[-116.32243600042082,43.670745000106344],[-116.32244300009351,43.670614999983179],[-116.32246099963686,43.670459000243419],[-116.32247599970549,43.670107999996247],[-116.32245899998703,43.670013000050297],[-116.32247599970549,43.669891999723525],[-116.3224849999263,43.669875000216564],[-116.32248800029936,43.669856000035708],[-116.32247499988057,43.669639000142396],[-116.32251000004068,43.669429000232221],[-116.32251900026149,43.669269999950721],[-116.32253000013215,43.669222000297935],[-116.32254299965263,43.668978000061337],[-116.32259200005645,43.668721999790776],[-116.32260899977487,43.66866400005496],[-116.32258799985847,43.668381000125507],[-116.32253699980484,43.668257000298603],[-116.32252199973622,43.66816500013568],[-116.32249400014712,43.668066000205464],[-116.32247200040584,43.668032000152373],[-116.32245399996417,43.668019000279919],[-116.32242999967472,43.668013000037909],[-116.32240999958324,43.667956000308138],[-116.32241200013138,43.667893000270176],[-116.32241899980406,43.667859000119101],[-116.3224410004437,43.66782800007924],[-116.32245899998703,43.667814000118867],[-116.32248599975122,43.667805999768767],[-116.32253699980484,43.667768000040454],[-116.32254900039874,43.667751999976652],[-116.32255699989634,43.667692999907608],[-116.32258100018579,43.667641000107089],[-116.32259000040661,43.667608999907543],[-116.32256500029226,43.667494000227343],[-116.32257399961479,43.667477000041202],[-116.3225979999042,43.667452000102742],[-116.32255699989634,43.667431999754591],[-116.32247800025362,43.667407999847832],[-116.32245099959111,43.66738299988063],[-116.32244200026862,43.667307999916538],[-116.32244999976619,43.667238000125451],[-116.32235400040506,43.667198999983633],[-116.32229800032856,43.667177000092387],[-116.32228599973466,43.667171999820653],[-116.32227700041216,43.666865999940285],[-116.32227800023708,43.666668000180266],[-116.32226399999337,43.666627000190992],[-116.32223899987902,43.666604000026268],[-116.32221799996263,43.666592999972629],[-116.3221870000005,43.666585000109563],[-116.32185300008963,43.666578000309769],[-116.32096400033501,43.666552999996881],[-116.31916500001107,43.666502999989689],[-116.31902199989592,43.666346999959458],[-116.31897400021533,43.666294000223509],[-116.31896099979654,43.666279999905356],[-116.31898799956073,43.665448000199653],[-116.3190000001546,43.664671000119526],[-116.31900900037544,43.664032000317825],[-116.31900799965221,43.663697000026893],[-116.31898099988805,43.663669000125466],[-116.31902299972084,43.66364899981653],[-116.31921400041486,43.663623000119848],[-116.31946299993687,43.663622000006285],[-116.3199080001758,43.663629000150827],[-116.3199080001758,43.66349300016762],[-116.3199080001758,43.663475000032065],[-116.31991200037378,43.662885000183252],[-116.32173699973868,43.662880999679871],[-116.32173500008888,43.662954999851678],[-116.32172699969294,43.663682000290201],[-116.32172599986801,43.663712999871848],[-116.32172400021823,43.663840000317698],[-116.32172800041614,43.66421500007133],[-116.32172599986801,43.66444600017806],[-116.32172300039331,43.664781000188334],[-116.32308099977799,43.664775000272499],[-116.323124000334,43.664776999811295],[-116.32339999962019,43.664775999717001],[-116.3234139998639,43.663997999929293],[-116.32342399990964,43.663483000309597],[-116.32259000040661,43.663488999704754],[-116.32257899963766,43.663477999730148],[-116.32258200001071,43.663333000289896],[-116.32259000040661,43.662879000077922],[-116.32347999998615,43.662875999700098],[-116.3243009999687,43.66286400013685],[-116.32431100001446,43.663053000290134],[-116.32431799968715,43.663523999846866],[-116.32425999996083,43.666456000139902],[-116.32426199961064,43.666588999716346],[-116.32434500034962,43.666662999866119],[-116.32521200036295,43.666659000264275],[-116.32804100000853,43.666689000195632],[-116.32806399957474,43.666610999823085],[-116.32833999975927,43.666618000268862],[-116.32832300004084,43.667450000003221],[-116.32824400039812,43.671363000249571],[-116.32823400035238,43.671978999928392],[-116.32823000015441,43.672100999918428],[-116.32822699978135,43.672188000042134],[-116.32821699973562,43.672680999876896],[-116.32813200024512,43.67266599978614],[-116.32812999969698,43.673262999983507],[-116.32842900034605,43.673392000267853],[-116.32947600028442,43.673542999790087],[-116.32955999995001,43.673531999708615],[-116.32962699989717,43.673524000120629],[-116.32980199979934,43.673501999948748],[-116.33007700015897,43.673466999776814],[-116.3306150002843,43.673211999764405],[-116.33170400005545,43.67288199982162],[-116.3317629996067,43.672858000144835],[-116.33216600001283,43.67269200011431],[-116.33238199992287,43.67255899976638],[-116.3324179999079,43.672536999890497],[-116.33260700005378,43.67249200014875],[-116.33271300035899,43.672460999902754],[-116.33299299984317,43.672395000143084],[-116.33314199980609,43.672364999814846],[-116.33341600034079,43.67232699972412],[-116.33351699972482,43.672327999692605],[-116.33362499967983,43.672327999692605],[-116.33409400020821,43.672380999948487],[-116.33412900036831,43.672388999688785],[-116.33422200025471,43.672410000301582],[-116.33520100042105,43.672418000038057],[-116.33561399997461,43.672424999806559],[-116.33588900033421,43.672630999776359],[-116.33627799959831,43.672819999716509],[-116.33642400008651,43.673034999890788],[-116.33708400041058,43.673298000274457],[-116.33743900023784,43.673437999934492],[-116.33745199975829,43.673444000283915],[-116.33746600000201,43.673449000033152],[-116.33779300024015,43.673578999865327],[-116.33913999975418,43.674222999728968],[-116.33915700037095,43.673509000240621],[-116.33916499986852,43.673211999764405],[-116.3391420003023,43.672772000303766],[-116.33913499973131,43.672640000096408],[-116.34040500015074,43.672496000011627],[-116.34081400040466,43.672441999890793],[-116.34098900030686,43.672382999883638],[-116.34115499998819,43.672305999732046],[-116.34136300040066,43.672254999999154],[-116.34191700041954,43.672173999799256],[-116.34276099996831,43.672083999737659],[-116.34294400026643,43.672072000065789],[-116.34316799967411,43.672091000194897],[-116.34332099983496,43.672138000180674],[-116.34349099971429,43.672169999914864],[-116.34376799972372,43.672231000071633],[-116.34386200033336,43.67227400007031],[-116.34392400025766,43.672338999994771],[-116.34395600004468,43.67233999996305],[-116.34409400013696,43.672353000199166],[-116.34418700002337,43.672376000110233],[-116.34418899967318,43.67232699972412],[-116.34420000044216,43.672080999819919],[-116.34381999960226,43.670675999771163],[-116.3437119996472,43.670274000026531],[-116.34390800036411,43.670272000021065],[-116.34408699956593,43.670279000039862],[-116.34481399983717,43.670271000018325],[-116.34514400044839,43.670274000026531],[-116.3452799999925,43.670269000012745],[-116.34539899981816,43.670269000012745],[-116.34545800026774,43.670275000029221],[-116.34580399987414,43.670259999986897],[-116.34572299968329,43.670431000247241],[-116.34562300012418,43.670634999920502],[-116.34515199994595,43.67159800006182],[-116.34496299980007,43.671985999748152],[-116.3447519999129,43.672417000071022],[-116.34486300024096,43.672422999872765],[-116.34564900006345,43.672259999847491],[-116.34710400043082,43.672640000096408],[-116.34715299993628,43.67269200011431],[-116.34714500043872,43.672959999841893],[-116.34714399971547,43.672991999787591],[-116.34703499993552,43.673114000317348],[-116.346870999904,43.673304999940321],[-116.34712000032434,43.673433000184289],[-116.34740200035665,43.67358800004321],[-116.34791100016966,43.673415999731084],[-116.34808900044492,43.673401999774619],[-116.34829799978395,43.67342300003294],[-116.34832700009628,43.673262000030597],[-116.34840300026426,43.673001000053517],[-116.34820599972244,43.672707000198564],[-116.34869000031942,43.672263999725836],[-116.34877300016012,43.672144000010306],[-116.34886000019875,43.672043000199089],[-116.34893299999368,43.6719569998399],[-116.34902300040537,43.671780000163373],[-116.34905000016956,43.671663000068655],[-116.3491310003604,43.6711099997217],[-116.34923400029257,43.670842000179768],[-116.34937200038482,43.670559000123248],[-116.34946000024837,43.670191999747978],[-116.34946400044633,43.670130000112785],[-116.34938300025547,43.670124000081813],[-116.34926299970657,43.670122000071338],[-116.34833899979185,43.670103999974209],[-116.34681800020053,43.67007499980636],[-116.34641899999239,43.670067999763752],[-116.34641999981729,43.669969999731194],[-116.34642200036542,43.669804000159687],[-116.34642400001523,43.669613999804831],[-116.3464909999624,43.66902699993279],[-116.34648699976442,43.668524000304828],[-116.34652500029759,43.667777999834506],[-116.34455000024651,43.666202000300949],[-116.34193900016085,43.663941000286009],[-116.34018900024067,43.663659999759844],[-116.3402100001571,43.663550999701172],[-116.34016499995123,43.66344599991065],[-116.34014999988263,43.663117999803042],[-116.34014999988263,43.663074000270427],[-116.34277000018913,43.663060999974029],[-116.34542999978032,43.663063999692746],[-116.34684800033777,43.663085000319064],[-116.34697800003411,43.663070999902359],[-116.35000699969623,43.663078000111085],[-116.35109999966534,43.663070999902359],[-116.3516379997907,43.663085000319064],[-116.35327100043331,43.663099000082646],[-116.35326700023533,43.663002999967077],[-116.35441499955773,43.663010000183739],[-116.35441799993076,43.663196000165371],[-116.35647699964744,43.663150999918699],[-116.35943699971259,43.663091999876343],[-116.35958700039872,43.663089000158983],[-116.3611919996556,43.663069000306727],[-116.36132200025024,43.663067000061176],[-116.36168499957512,43.663047000201537],[-116.36470999993759,43.663069999779587],[-116.36479299977823,43.663069999779587],[-116.36560200006524,43.663072000025046],[-116.36565700031682,43.663070999902359],[-116.36565599959361,43.663039999989188],[-116.36565399994379,43.662926000128927],[-116.36565599959361,43.662820999895125],[-116.36565899996667,43.662803000207951],[-116.36566200033971,43.662764999911936],[-116.36566300016462,43.662324999897663],[-116.36566399998951,43.662069999986322],[-116.36566399998951,43.66183899983502],[-116.36566700036256,43.660405000204065],[-116.3656690000124,43.659856000172013]],[[-116.26779399966559,43.575546000274372],[-116.26739399963247,43.575541000185453],[-116.26739299980758,43.575406000231865],[-116.26739000033284,43.574705999692831],[-116.26777899959694,43.574714000075936],[-116.26779200001576,43.575413999871159],[-116.26779299984068,43.575459000100274],[-116.26779399966559,43.575546000274372]],[[-116.14746100043477,43.519047999903385],[-116.14746100043477,43.519090000153135],[-116.14745499968868,43.519197999730558],[-116.14737500022106,43.519196999819762],[-116.14726100041824,43.519194999998227],[-116.14693099980703,43.519187999970789],[-116.14615300038049,43.519173000002375],[-116.14594499996804,43.519173000002375],[-116.14581199989864,43.518878000082744],[-116.14737100002309,43.518871999934731],[-116.14737000019817,43.519047999903385],[-116.14746100043477,43.519047999903385]],[[-116.2649780004388,43.575513999828459],[-116.26417300034976,43.575490999924604],[-116.26416300030399,43.574943000097512],[-116.26375900007297,43.574934000107426],[-116.26367399968414,43.574936000033041],[-116.26367200003433,43.574630999873008],[-116.26496199964696,43.57465600004025],[-116.2649780004388,43.575513999828459]],[[-116.28154799987784,43.57564799991443],[-116.28071000017684,43.575649000190793],[-116.28024099964846,43.575673000310267],[-116.27980200015564,43.575649999816328],[-116.27917100014389,43.575649999816328],[-116.27850199959897,43.575651999718112],[-116.27852099986555,43.574819999682632],[-116.27855900039869,43.574819999682632],[-116.27855400037583,43.57397099990385],[-116.27910699967146,43.573968999946196],[-116.27912400028819,43.573501999881046],[-116.27912799958786,43.572654999745552],[-116.27922600039547,43.572660999749196],[-116.2794730002677,43.572674999755435],[-116.27964499979682,43.572960000151006],[-116.27981800004916,43.573244999848669],[-116.27990000006494,43.573380999754264],[-116.27998299990563,43.573517000003562],[-116.2800089998449,43.573559999726569],[-116.28010299955622,43.573624999733866],[-116.28024499984643,43.573723000092933],[-116.28044200038823,43.573857999914573],[-116.28054100012243,43.574040000029164],[-116.28061300009246,43.574172999840172],[-116.28068199968943,43.574300999816401],[-116.28075100018471,43.574429000171328],[-116.28081999978168,43.574555999959735],[-116.28088799955377,43.574683999772702],[-116.28095700004904,43.574811999964417],[-116.28102599964602,43.574939000246687],[-116.28109500014132,43.575066999896386],[-116.28113299977613,43.575136999701556],[-116.28124499992914,43.575274000172584],[-116.28139700026513,43.575459999728963],[-116.28146400021227,43.57554300009091],[-116.28154799987784,43.57564799991443]],[[-116.27417300027849,43.678628000025213],[-116.27417300027849,43.678675999951494],[-116.27417199955525,43.678821000009911],[-116.27417199955525,43.679018000101351],[-116.27417199955525,43.679050000065025],[-116.27417199955525,43.679201000292785],[-116.27417099973033,43.679375999818816],[-116.27417099973033,43.679491000120436],[-116.27417099973033,43.67955399967817],[-116.27408399969173,43.67955000028568],[-116.27402599996537,43.679551000133856],[-116.27369700007743,43.679555000175917],[-116.27331399976278,43.67955199998196],[-116.2721959996793,43.679556000023958],[-116.27204699971637,43.679560000065685],[-116.27164599985839,43.679050000065025],[-116.27072699996653,43.678546999981315],[-116.27001399993901,43.678263000006389],[-116.2685140002641,43.677916000074575],[-116.26851099989105,43.67739700013847],[-116.26861700019627,43.677396000254397],[-116.27118899992388,43.677392000068409],[-116.27184199967698,43.677391000184301],[-116.27206900035603,43.677390000300186],[-116.27206900035603,43.677618999969546],[-116.27206799963278,43.677786999769857],[-116.27206799963278,43.677966000319572],[-116.27206699980786,43.678187000123685],[-116.27206599998294,43.678511000287692],[-116.27206500015805,43.678632000128815],[-116.27247699988671,43.678632000128815],[-116.27284000010987,43.678632000128815],[-116.27308600015715,43.678631000265376],[-116.27334999974778,43.678631000265376],[-116.27359599979511,43.678631000265376],[-116.27384199984239,43.678631000265376],[-116.27401000007188,43.678628999888701],[-116.27417300027849,43.678628000025213]],[[-116.26838100019472,43.673489999910707],[-116.26835500025547,43.673489999910707],[-116.26826499984378,43.673488999961535],[-116.26822899985875,43.673488999961535],[-116.2680000004282,43.673488999961535],[-116.26762499961117,43.673487000063247],[-116.26686899992593,43.673485000164831],[-116.26618400038581,43.673483000266359],[-116.26615099987553,43.67313599998171],[-116.26341199974331,43.673152999864541],[-116.26341900031434,43.673493999707063],[-116.26341900031434,43.674506999983066],[-116.26340699972047,43.674813999819044],[-116.26341900031434,43.67485799984253],[-116.26337900013137,43.675850999692244],[-116.26182900022775,43.675038999880286],[-116.26300800041059,43.674360000026205],[-116.26251700014093,43.673769999957564],[-116.26256800019455,43.673769999957564],[-116.26264500018745,43.673769000013117],[-116.26268399964721,43.673769999957564],[-116.26269700006597,43.673769999957564],[-116.26270999958648,43.673770999902054],[-116.26275999981516,43.673770999902054],[-116.26279400015038,43.673770999902054],[-116.26279400015038,43.673710999956533],[-116.26279300032546,43.673572000231417],[-116.26278800030258,43.672943999862653],[-116.26279099977729,43.672878999943755],[-116.26279300032546,43.672833999808702],[-116.26279300032546,43.672810000112776],[-116.26279300032546,43.672506000317455],[-116.26279300032546,43.672285999701799],[-116.26279400015038,43.672094000112139],[-116.26279400015038,43.671901999908229],[-116.26279400015038,43.671706999803362],[-116.26279300032546,43.671515000310642],[-116.26279400015038,43.671323000203685],[-116.26279400015038,43.67113100013227],[-116.26279300032546,43.670945000045911],[-116.26279300032546,43.670753000064764],[-116.26279400015038,43.670561000119164],[-116.26279400015038,43.670371000211382],[-116.26279300032546,43.670130000112785],[-116.26294399993817,43.670129000107629],[-116.26332200022996,43.670127000097374],[-116.26341699976621,43.670127000097374],[-116.26351200020076,43.670127000097374],[-116.26409299998382,43.670127000097374],[-116.26442400041991,43.670128000102515],[-116.26448600034418,43.670128000102515],[-116.26457699968248,43.670132000122948],[-116.26464100015491,43.670128000102515],[-116.26466399972112,43.670128000102515],[-116.26470599955391,43.670128000102515],[-116.26474400008706,43.670165000281536],[-116.26531499982437,43.670718000238892],[-116.26532300022029,43.670726000200901],[-116.26533099971788,43.670733000166763],[-116.26557599994028,43.67097199981125],[-116.26564100023761,43.671035999856237],[-116.26580000024626,43.671189000083253],[-116.26584899975175,43.671237000112306],[-116.26660199996226,43.671968000210057],[-116.26687499977372,43.672193999866778],[-116.26705899989673,43.67235500013529],[-116.26700199999534,43.67235500013529],[-116.26728599967747,43.672629999812926],[-116.26770699962694,43.673038999717477],[-116.26778100014511,43.673037999760844],[-116.2681269997515,43.673458000230532],[-116.26834699985955,43.673459000180181],[-116.26837699999676,43.673459000180181],[-116.26838100019472,43.673489999910707]],[[-116.25365899968681,43.54253299971969],[-116.25355300027991,43.545662000210392],[-116.25355599975465,43.546194000245883],[-116.24853299977488,43.546183000288998],[-116.24855200004147,43.542521000221797],[-116.251533000023,43.54252800014622],[-116.25354300023415,43.54253299971969],[-116.25365899968681,43.54253299971969]],[[-116.15096899977269,43.574973000271711],[-116.15096700012288,43.575036999769004],[-116.15051900040922,43.575038999691209],[-116.15038100031694,43.575038999691209],[-116.15030699979877,43.575020000102398],[-116.15016799988163,43.574948999873207],[-116.1500470004061,43.574945000022829],[-116.14944399998345,43.574779999779281],[-116.14915899957809,43.574734999693575],[-116.14847300021304,43.574625999708125],[-116.14710800025736,43.574101999913999],[-116.14677500017142,43.573836999991116],[-116.14650800020772,43.573528999838544],[-116.14629300012257,43.573372999844899],[-116.14598900034896,43.573086000115154],[-116.14562399957767,43.572594999675992],[-116.14510399989398,43.571795000196047],[-116.14508700017555,43.571743999737912],[-116.14509999969603,43.571448999890215],[-116.14500099996184,43.571077000158063],[-116.14498000004542,43.570499999792709],[-116.14485199999891,43.570137999831132],[-116.14476199958722,43.569886000321048],[-116.14472800015034,43.569790000323302],[-116.14467600027182,43.569739999843534],[-116.14462900041615,43.569694000172539],[-116.14454499985226,43.5696119999362],[-116.14445699998872,43.569526000028702],[-116.14435599970635,43.569478999815487],[-116.14368100021198,43.569166999921229],[-116.14270000039585,43.569134999990929],[-116.14264900034222,43.569132999872679],[-116.14260499996129,43.56913400025725],[-116.14219599970737,43.569147000048154],[-116.14200999993454,43.569152000017013],[-116.14188500026106,43.569146000314674],[-116.14186000014671,43.569144999930288],[-116.14144300039521,43.569122999931324],[-116.14073000036765,43.569115999841173],[-116.14029900037244,43.569244999883615],[-116.13963800022344,43.56932699996878],[-116.13927699965011,43.569711000040897],[-116.13895600015806,43.569805000068619],[-116.1382260004121,43.569805999791164],[-116.13776899957928,43.569762999991269],[-116.13731500001785,43.569703000294901],[-116.1366220000818,43.569689999973129],[-116.13641399966934,43.569687000148804],[-116.13611400009368,43.569571000101583],[-116.13605200016943,43.569355999956294],[-116.13591800027513,43.569014000202344],[-116.13576900031219,43.56852400015481],[-116.13573300032719,43.566884000287985],[-116.13574199964971,43.566719000089456],[-116.13572900012922,43.566597000227965],[-116.13573800035006,43.566431000115657],[-116.13574500002277,43.565959999733664],[-116.13574800039579,43.565888999888685],[-116.13576500011425,43.565864999775513],[-116.13609499982714,43.565949999916391],[-116.13653699969298,43.566055999977628],[-116.13672099981599,43.566113999833952],[-116.13679799980892,43.566131000061816],[-116.13686800012908,43.566154000285898],[-116.13694099992404,43.566170999851572],[-116.13701600026712,43.566194000060378],[-116.13717100007781,43.566226000251362],[-116.13745399993502,43.566307000109667],[-116.13753199975284,43.566316999867631],[-116.13798200001462,43.566417999738519],[-116.13806200038057,43.566431999894199],[-116.13826499987185,43.566489000261754],[-116.13841399983475,43.56651900009102],[-116.13849099982765,43.566543999720302],[-116.13870000006503,43.566597000227965],[-116.13875299976849,43.566615000095027],[-116.13898200009734,43.566664000139802],[-116.13912299966432,43.566705000000539],[-116.13926199958152,43.566751999774787],[-116.13942700033624,43.566793000226525],[-116.13946800034414,43.566799000163257],[-116.14002599966265,43.566897999684457],[-116.14119800017279,43.567049000034594],[-116.14154100030449,43.567093000237811],[-116.14189399958359,43.567102000097876],[-116.14196399990378,43.567104000283578],[-116.1440839997198,43.567155999881102],[-116.1440839997198,43.567208999850294],[-116.14408200006999,43.567594999926236],[-116.14408200006999,43.567642000307842],[-116.14408299989488,43.567694000091819],[-116.14408299989488,43.567742000152975],[-116.14408299989488,43.567761000085206],[-116.1440639996283,43.567761000085206],[-116.14374499978609,43.567759999677875],[-116.1436540004478,43.567759999677875],[-116.14343199979164,43.567759999677875],[-116.14320800038395,43.567758999921374],[-116.1431110002996,43.567758999921374],[-116.14278999990923,43.567758999921374],[-116.14251200007487,43.567758999921374],[-116.14213499960802,43.567758000164858],[-116.14181300029102,43.567758000164858],[-116.141485000228,43.567756999757421],[-116.14115100031714,43.567756999757421],[-116.14101900007267,43.567756999757421],[-116.13984400008778,43.567755000244304],[-116.13981499977545,43.56783500024396],[-116.13977899979045,43.567934000015043],[-116.13972799973682,43.568075000256265],[-116.13970099997263,43.568148000279159],[-116.13970099997263,43.568224999859709],[-116.13970000014771,43.56829799970081],[-116.13970000014771,43.568368000214299],[-116.1398370004151,43.568521000272419],[-116.13995600024076,43.568656000039219],[-116.14005400015006,43.568663000182774],[-116.14020899996075,43.56867499968314],[-116.14022800022734,43.568673000200498],[-116.14024699959559,43.568666999799554],[-116.14027300043318,43.568658999914845],[-116.14031100006802,43.568648000153047],[-116.14051199990946,43.568587999996794],[-116.14058999972728,43.568565000051251],[-116.14065599984951,43.568565999794373],[-116.14088099998041,43.56856799993146],[-116.14147799965697,43.568573999691381],[-116.14160599970349,43.568580000101647],[-116.14173499957494,43.568587999996794],[-116.14196599955362,43.568600000162995],[-116.14200300026185,43.568602000298952],[-116.14202400017825,43.568603000041456],[-116.14213100030837,43.568600000162995],[-116.1423239997539,43.568593999754782],[-116.14265199981696,43.568583999723934],[-116.14266699988559,43.568583999723934],[-116.14268199995416,43.568585000117587],[-116.14307299976643,43.568598000027023],[-116.14341699972302,43.568608999797945],[-116.14357300025695,43.568613999811525],[-116.14371899984683,43.568618999824636],[-116.14387399965752,43.568623999837385],[-116.14391800003844,43.568625999972546],[-116.14399199965828,43.568660000307297],[-116.14429399978208,43.568799999760685],[-116.14458599986013,43.568935999940869],[-116.1448720000904,43.569068000224078],[-116.1449780003956,43.56911799996],[-116.14507999960453,43.569215999842648],[-116.14527200012348,43.569403999994712],[-116.1454200002615,43.569547999880477],[-116.14544000035298,43.569602999800239],[-116.14548600038371,43.569732999825142],[-116.14549700025438,43.569765000088601],[-116.14553499988922,43.569873000038776],[-116.14559599998859,43.570047000129662],[-116.14560799968415,43.57007999994434],[-116.14562500030088,43.570126999688569],[-116.14565600026305,43.570215000122005],[-116.14570999979139,43.570365000253801],[-116.14573099970778,43.570424999941615],[-116.14574300030168,43.570994000149199],[-116.14585299990654,43.571405000265671],[-116.14584200003587,43.571652999859602],[-116.14629399994749,43.572347999736436],[-116.14643100021486,43.572535999874766],[-116.14661799981262,43.572797999995657],[-116.14667100041436,43.572835000246329],[-116.14685299998924,43.573007000251131],[-116.14697000016508,43.573088999770192],[-116.1470839999679,43.57317000016176],[-116.14737400039614,43.573501999881046],[-116.14748599965081,43.573591000249422],[-116.14757299968944,43.573660000159343],[-116.14798799979116,43.573818999678998],[-116.1480539999134,43.573844999838883],[-116.1487309999559,43.574105000169212],[-116.14960700019004,43.574243000033718],[-116.15060399989969,43.574515999881037],[-116.15088900030509,43.57459400007496],[-116.15090600002351,43.574599000242507],[-116.15096399974982,43.57461499973445],[-116.15096899977269,43.574973000271711]],[[-116.19563300034051,43.620747000144142],[-116.1954769998066,43.620843999698032],[-116.19550699994382,43.620896999877559],[-116.19540300018673,43.620924000036965],[-116.19401800013956,43.622299000238677],[-116.19386499997869,43.62245100029952],[-116.19362599960409,43.622686999854892],[-116.19353100006785,43.622780999750475],[-116.19348400021219,43.622827999968294],[-116.19160899972026,43.623341000053244],[-116.19157299973523,43.623401999746818],[-116.19151400018399,43.623414000041684],[-116.19151300035909,43.6234890002047],[-116.1914089997037,43.623516999981462],[-116.19100299982283,43.623628000129372],[-116.19094300044669,43.623643000116061],[-116.19066899991198,43.623715999737776],[-116.19031300025982,43.623812999703688],[-116.18954199960767,43.624021000235942],[-116.18881900043272,43.62421599979681],[-116.1884229996993,43.624322000016349],[-116.18802100001636,43.62443000028096],[-116.18772100044075,43.624510999864349],[-116.1874379996852,43.624587000072658],[-116.18711899984297,43.624673000004265],[-116.18680099982565,43.62475899981284],[-116.1864109998383,43.624864000266768],[-116.18598599969086,43.624978000198887],[-116.185543999825,43.625097999893924],[-116.18535399985417,43.625149000016918],[-116.18522499998276,43.625183999744763],[-116.18504900025567,43.625231000034667],[-116.18492200003406,43.624978000198887],[-116.18419399993793,43.6235369999998],[-116.1839880000736,43.623137000319375],[-116.18389699983699,43.622949999684238],[-116.18387799957044,43.622909999900621],[-116.18401599966271,43.622681000285489],[-116.18430000024313,43.622210999856691],[-116.18452700002385,43.621835999888518],[-116.18503900020994,43.621579000068223],[-116.18576399993304,43.621216000143093],[-116.18566100000088,43.621078000015807],[-116.18619199955518,43.620831000014974],[-116.18668000035014,43.620602999813883],[-116.18707500036035,43.620421000013948],[-116.18687500034382,43.619920000066628],[-116.18659199958829,43.619195000305844],[-116.18653700023499,43.619052999920875],[-116.18673899990138,43.618967999960503],[-116.18681599989425,43.618935000280167],[-116.18739400020256,43.618696000320341],[-116.18751499967807,43.618646999699678],[-116.18946499961478,43.618698000092643],[-116.189494999752,43.618699999864916],[-116.18952999991211,43.618739000287981],[-116.18973800032457,43.61896900016734],[-116.19013699963442,43.618875000164614],[-116.1902250003963,43.619045999783332],[-116.1902610003813,43.619108000137238],[-116.19030400003901,43.619185999778438],[-116.19077299966906,43.619051000160383],[-116.19157699993318,43.618829999876048],[-116.19249199962709,43.618555999834648],[-116.19324599966249,43.618337999683533],[-116.1938800000473,43.618388999688243],[-116.19424900011825,43.618278000272888],[-116.19454000037139,43.618798999888895],[-116.19472100012136,43.619061999817845],[-116.19480899998489,43.61919100014385],[-116.1949010000464,43.619368000065165],[-116.19542199955499,43.620372999681919],[-116.19563300034051,43.620747000144142]]],[[[-116.21337100009174,43.521404000280761],[-116.21341999959725,43.516877000038704],[-116.21077000005182,43.516877999987898],[-116.2096429997475,43.516877000038704],[-116.20961799963315,43.516885000283281],[-116.20960199973963,43.516877000038704],[-116.20355199991297,43.516879999886235],[-116.20343899993507,43.516877000038704],[-116.20342499969136,43.518238000255678],[-116.20341499964564,43.519230000123088],[-116.20336600014015,43.524139999840031],[-116.20668100003255,43.524134000215312],[-116.21334199977943,43.524122000312673],[-116.21335400037333,43.522882999964075],[-116.21336699989379,43.52192199998067],[-116.21337100009174,43.521404000280761]]],[[[-116.11450800025611,43.526594999981185],[-116.11450800025611,43.523888999939246],[-116.10953999962962,43.523884999955769],[-116.10455900038099,43.523888999939246],[-116.10060500008092,43.523888999939246],[-116.09958200043199,43.523888000106247],[-116.09957599968592,43.525412999761194],[-116.09958300025691,43.527500000129706],[-116.09958800027979,43.528276999934953],[-116.09961099984601,43.531128000068215],[-116.10193499987652,43.531123999913461],[-116.10457199990147,43.531119999758396],[-116.10456000020589,43.52919800007858],[-116.10455199981,43.527711999864088],[-116.10455099998507,43.527501999675962],[-116.10954700020065,43.52749799993201],[-116.10954700020065,43.52676200019534],[-116.10954399982759,43.526597999996881],[-116.11450800025611,43.526594999981185]]],[[[-116.10184000034027,43.553026999854936],[-116.10171200029373,43.552901000248546],[-116.10167399976059,43.552835000008542],[-116.10162600008002,43.552774999727674],[-116.10156699963049,43.552733000146567],[-116.10151999977482,43.552704999975504],[-116.10143899958398,43.552597999853141],[-116.10139099990339,43.552569000261826],[-116.10137500000987,43.552554000131018],[-116.10133300017708,43.552494000221401],[-116.10129200016918,43.552459999877222],[-116.10123799974251,43.552399999874019],[-116.10118300038924,43.552362000079825],[-116.10113700035848,43.552354999995202],[-116.10111100041921,43.552337999786303],[-116.10105100014476,43.552270000204771],[-116.10101099996179,43.55220799998326],[-116.10095800025833,43.552160999930393],[-116.1008200001661,43.551996999791228],[-116.10080000007461,43.551985000224001],[-116.10077599978517,43.55197700007718],[-116.10063400039323,43.551807999982422],[-116.10048000040746,43.551668000103639],[-116.10042299960774,43.551626999775308],[-116.10027000034518,43.551539000183261],[-116.1001890001543,43.551508000030005],[-116.1001590000171,43.551490000206719],[-116.10013899992559,43.551470000324414],[-116.10005000023713,43.551345000095992],[-116.10000199965826,43.551272999924855],[-116.09998599976471,43.551258000122502],[-116.0999270002135,43.55122200032126],[-116.09984600002265,43.551188999941992],[-116.09978300027346,43.551139000299642],[-116.09970499955732,43.55105500013002],[-116.09963500013545,43.550918999948252],[-116.09954200024902,43.550571000096419],[-116.09952800000534,43.550479000091642],[-116.09954800009682,43.550400999920953],[-116.0996030003484,43.550352999715642],[-116.09962099989174,43.550323000300395],[-116.0996240002648,43.550297999799646],[-116.09961300039413,43.550226999727371],[-116.09958400008182,43.550162999911429],[-116.09951200011182,43.550073000034999],[-116.09949299984522,43.549963000292841],[-116.09946000023325,43.549884000052309],[-116.0994200000503,43.549768000286214],[-116.09940400015675,43.549676999763328],[-116.09939699958575,43.549659000044294],[-116.09937200036973,43.549633999919202],[-116.09933899985946,43.549589999986438],[-116.09932899981369,43.549494000199111],[-116.09930299987442,43.549377000271903],[-116.09927600011024,43.549307999891177],[-116.09923400027745,43.549233999763082],[-116.09919900011737,43.549123999791895],[-116.09915800010947,43.549037999935024],[-116.09910700005584,43.548949999818184],[-116.09908500031455,43.548895999993647],[-116.09907799974354,43.548850000032608],[-116.09904500013157,43.548719999867956],[-116.0989980002759,43.548465999808954],[-116.09897700035951,43.54839999992091],[-116.0989709996134,43.548289000301331],[-116.09898900005506,43.548160000310688],[-116.0989620002909,43.548052999932317],[-116.09894700022227,43.548026999708206],[-116.09894300002432,43.547971000189229],[-116.09896499976564,43.547913999881246],[-116.09896599959056,43.547858999692892],[-116.09894600039738,43.54779999975468],[-116.09897300016154,43.547813999679043],[-116.09898900005506,43.547828000251215],[-116.0989980002759,43.547844999778981],[-116.0990340002609,43.547978000131934],[-116.09905600000222,43.548036999895913],[-116.09910799988076,43.548117000035418],[-116.0991249995992,43.548130999886148],[-116.09915100043678,43.548134000132777],[-116.09926699988942,43.548104999695688],[-116.09929299982869,43.548084999992341],[-116.09931600029321,43.548041000230945],[-116.09938300024038,43.547996999786342],[-116.09942400024825,43.547940000154057],[-116.09953100037836,43.547838999907917],[-116.09962599991461,43.547767000106155],[-116.09965600005185,43.547708000077897],[-116.0996600002498,43.547622000154007],[-116.0996460000061,43.547521000026087],[-116.09962699973953,43.54748600003898],[-116.09958599973166,43.547442999933992],[-116.09958200043199,43.547419999728973],[-116.0996030003484,43.547308000162161],[-116.09961500004395,43.547270999858391],[-116.09962500008972,43.547195000289477],[-116.0996240002648,43.547134000154884],[-116.09957200038626,43.54702599980795],[-116.09953899987599,43.546903999786203],[-116.09952700018042,43.546835999933727],[-116.09949399967013,43.546777999749956],[-116.09948100014965,43.546727000249525],[-116.0994970000432,43.546643999897917],[-116.09946899955578,43.546520000187279],[-116.09937599966935,43.546361999692863],[-116.09930100022459,43.54619599982346],[-116.09927199991229,43.546071999842383],[-116.09927100008737,43.545998000299285],[-116.09923199972931,43.545812000272186],[-116.09923599992729,43.54579400005008],[-116.09924400032321,43.545647000313906],[-116.09922199968358,43.545578999694563],[-116.09920699961495,43.54550199981982],[-116.0991940000945,43.545392000200302],[-116.09916999980503,43.545332999800742],[-116.09916399995726,43.545275000124263],[-116.09914899988863,43.545225000133762],[-116.09914800006374,43.545202999864387],[-116.09916399995726,43.54512299976421],[-116.09912999962206,43.545093999831892],[-116.09911200007873,43.545064999885625],[-116.09911700010157,43.545034000309293],[-116.09910700005584,43.544917000189557],[-116.09909000033741,43.544880999856552],[-116.09907000024593,43.544859000112773],[-116.09905600000222,43.544835000087119],[-116.0990400001087,43.544737000263062],[-116.09908600013944,43.544649999867183],[-116.09912799997223,43.54461699979646],[-116.09920699961495,43.544589999902712],[-116.09929200000377,43.544579000304289],[-116.09934200023248,43.544564000138308],[-116.09935999977583,43.5445510002519],[-116.09936800017175,43.544529999878534],[-116.09936300014888,43.544492999822978],[-116.09936899999667,43.544263999941926],[-116.09936200032396,43.544204000244378],[-116.09934499970721,43.544160000254607],[-116.09912700014733,43.544173000225335],[-116.09730699990696,43.544271000315106],[-116.09693500036131,43.544297000205894],[-116.09594299977621,43.544342999734766],[-116.09594899962397,43.544352999882449],[-116.09599399982982,43.544422000075166],[-116.09617100028015,43.544760999676598],[-116.0966259996665,43.545738999880705],[-116.09817999976808,43.548918000217391],[-116.09834799999757,43.549317999866304],[-116.0980540002697,43.549317999866304],[-116.09699399991254,43.549304999702983],[-116.09663599971223,43.549368999778849],[-116.09424999975745,43.549369999840529],[-116.09423700023697,43.550664000000978],[-116.0966320004126,43.550697000016676],[-116.09722599971612,43.550704999682331],[-116.09838700035563,43.550721000312613],[-116.09857399995337,43.550716000116111],[-116.09857499977826,43.550743999909095],[-116.09854800001411,43.551586000070145],[-116.09933999968435,43.551576999845302],[-116.09938099969224,43.551576999845302],[-116.09954499972379,43.552001999881455],[-116.09958099970876,43.55229099983476],[-116.099462999708,43.553009999835545],[-116.10184000034027,43.553026999854936]]]]},"properties":{"STATE":"16","PLACE":"08830","GEOID":"1608830","BASENAME":"Boise City","NAME":"Boise City city","LSADC":"25","FUNCSTAT":"A","AREALAND":"222999296","AREAWATER":"2537832","CENTLAT":"+43.5987519","CENTLON":"-116.2293017"}}]}